index,ID,text
0,1458692901379186701,La Comisi√≥n Europea investigar√° la gesti√≥n de Oltra por los casos de abusos a menores tutelados.  https://t.co/YWV9A0IbGc
1,1458738885731753994,"Otro gran varapalo a S√°nchez: la Comisi√≥n Europea rebaja el crecimiento al 4,6% este a√±o, menos de la mitad del 9,8‚Ä¶ https://t.co/cS47EcqOC0"
2,1458705760389632002,"La Comisi√≥n Europea tambi√©n desmonta la fantas√≠a de los Presupuestos del Gobierno. Ni 6,5% en 2021 ni 7% en 2022 co‚Ä¶ https://t.co/NsGP8b9U5O"
3,1458755972294496256,RT @Tonicanto1: La Comisi√≥n Europea investigar√° la gesti√≥n de Oltra por los casos de abusos a menores tutelados.  https://t.co/YWV9A0IbGc
4,1458755941315366915,"RT @AmigosTierraEsp: ü§•Vaya, vaya, vaya ... As√≠ que en la #COP26 la Presidenta de la Comisi√≥n Europea Ursula von der Leyen dice ""¬°Hay que ac‚Ä¶"
5,1458755907869986816,"RT @pablocasado_: Otro gran varapalo a S√°nchez: la Comisi√≥n Europea rebaja el crecimiento al 4,6% este a√±o, menos de la mitad del 9,8% que‚Ä¶"
6,1458755889259765770,"RT @Suanzes: Bruselas rebaja 16 d√©cimas la previsi√≥n de crecimiento de Espa√±a este a√±o https://t.co/brSaOzC0YM
Pasa del 6,2 al 4,6%. La Com‚Ä¶"
7,1458755855034298371,"RT @desdelamoncloa: üá™üá∏üá™üá∫Gobierno y @EU_Commission aprueban las Disposiciones Operativas del #PlanDeRecuperaci√≥n.

Espa√±a es el primer pa√≠s‚Ä¶"
8,1458755853780193280,RT @quiquepeinado: La Comisi√≥n Europea y la Intervenci√≥n General de la Administraci√≥n del Estado (IGAE) han obligado a la Comunidad de Madr‚Ä¶
9,1458755817621098505,"RT @voz_populi: üî¥ La Comisi√≥n Europea rebaja hasta el 4,6% el crecimiento de la econom√≠a espa√±ola este a√±o

https://t.co/TsxCPy6d4B"
10,1458755808590802948,RT @quiquepeinado: La Comisi√≥n Europea y la Intervenci√≥n General de la Administraci√≥n del Estado (IGAE) han obligado a la Comunidad de Madr‚Ä¶
11,1458755805180792833,RT @quiquepeinado: La Comisi√≥n Europea y la Intervenci√≥n General de la Administraci√≥n del Estado (IGAE) han obligado a la Comunidad de Madr‚Ä¶
12,1458755787749302272,"RT @mariadelamiel: Tras Banco de Espa√±a, FMI, AIReF, Funcas, FEDEA, BBVA Research... Turno de Bruselas:

Las  previsiones de crecimiento de‚Ä¶"
13,1458755776403677184,"RT @pablocasado_: Otro gran varapalo a S√°nchez: la Comisi√≥n Europea rebaja el crecimiento al 4,6% este a√±o, menos de la mitad del 9,8% que‚Ä¶"
14,1458755751732822017,"RT @COPINHHONDURAS: 1/3üìÑ #CARTA| Bertha Z√∫niga, Coordinadora General del COPINH, se dirige a la Comisi√≥n Europea mediante una carta para so‚Ä¶"
15,1458692848463851520,RT @iellakuria: Ya era hora. La Comisi√≥n Europea investigar√° la gesti√≥n de Oltra por los casos de abusos a menores tutelados  https://t.co/‚Ä¶
16,1458692688396623877,RT @elmundocv: La Comisi√≥n Europea investigar√° la gesti√≥n de M√≥nica Oltra por los casos de abusos a menores tutelados https://t.co/4WTUcRe0‚Ä¶
17,1458692622025953283,"RT @salvadostv: Este viernes acaba la #COP26... con cierto pesimismo: ""No estamos ni cerca de los objetivos""
üì∞ https://t.co/giRITe6sUg http‚Ä¶"
18,1458692164616138752,"RT @Deselectrocuta1: Esperando 2 cosas:
1) Qu√© dice Casado al respecto.
2) Cu√°nta corrupci√≥n del PP esconde esto.

La Comisi√≥n Europea obli‚Ä¶"
19,1458692007266816000,"RT @GonBernardos: El gobierno ha firmado con la Comisi√≥n Europea una rebaja de las pensiones al ampliar el per√≠odo de c√°lculo, previsibleme‚Ä¶"
20,1458691983510282240,"RT @hermanntertsch: @ZiemianczykOlek Los polacos no est√°n solos. Al contrario, los injustos, sectarios y malintencionados ataques a Polonia‚Ä¶"
21,1458691821723336708,RT @mjmonteroc: Hoy damos un paso clave para recibir los fondos europeos al firmar con el comisario @PaoloGentiloni el acuerdo sobre las Di‚Ä¶
22,1458691798302445575,RT @martamartirio: La Comisi√≥n Europea investigar√° la gesti√≥n de Oltra por los casos de abusos a menores tutelados https://t.co/HKRyf3tbF2.‚Ä¶
23,1458691749417828352,RT @mjmonteroc: Hoy damos un paso clave para recibir los fondos europeos al firmar con el comisario @PaoloGentiloni el acuerdo sobre las Di‚Ä¶
24,1458691650507747334,La Comisi√≥n Europea investigar√° la gesti√≥n de Oltra por los casos de abusos a menores tutelados‚Ä¶ https://t.co/wBIN2YRjbq
25,1458691467812261888,RT @carlossegovia_: Por fin publica el Gobierno el contrato con la Comisi√≥n Europea para publicar los fondos europeos. Lo hace sin haber in‚Ä¶
26,1458691355593560066,RT @carlossegovia_: Por fin publica el Gobierno el contrato con la Comisi√≥n Europea para publicar los fondos europeos. Lo hace sin haber in‚Ä¶
27,1458691327508594690,Se acab√≥ la farsa: la Comisi√≥n Europea y la Intervenci√≥n General de la Administraci√≥n del Estado han obligado a la‚Ä¶ https://t.co/Nu7mHNCWpx
28,1458690964344684548,La Comisi√≥n Europea investigar√° la gesti√≥n de M√≥nica Oltra por los casos de abusos a menores tutelados https://t.co/4WTUcRe0Su
29,1458690819351851012,"RT @desdelamoncloa: üá™üá∏üá™üá∫Gobierno y @EU_Commission aprueban las Disposiciones Operativas del #PlanDeRecuperaci√≥n.

Espa√±a es el primer pa√≠s‚Ä¶"
30,1458690649113440256,RT @carlossegovia_: Por fin publica el Gobierno el contrato con la Comisi√≥n Europea para publicar los fondos europeos. Lo hace sin haber in‚Ä¶
31,1458690500010168324,RT @GPPopular: üëâ @cucagamarra: ‚ÄúLa primera obligaci√≥n de un Gobierno decente es decir la verdad. Ma√±ana la Comisi√≥n Europea confirmar√° que‚Ä¶
32,1458689923876327429,RT @carlossegovia_: Por fin publica el Gobierno el contrato con la Comisi√≥n Europea para publicar los fondos europeos. Lo hace sin haber in‚Ä¶
33,1458689480777510913,La Comisi√≥n Europea investigar√° a Oltra por los casos de abusos a menores https://t.co/fY5xmijwFx
34,1458689461139783686,RT @A_Alarcos: Eurodiputado rumano muestra el acceso que han tenido a los contratos en relaci√≥n a las vacunas contra COVID19 firmados entre‚Ä¶
35,1458689370400116740,RT @iellakuria: Ya era hora. La Comisi√≥n Europea investigar√° la gesti√≥n de Oltra por los casos de abusos a menores tutelados  https://t.co/‚Ä¶
36,1458689169350352899,"RT @Pableraso: La Comisi√≥n Europea investigar√° a @monicaoltra  por los casos de abusos a menores
 
Ya que aqu√≠ los ‚Äútransparentes‚Äù del #Bot‚Ä¶"
37,1458689093819322371,"RT @GonBernardos: El gobierno ha firmado con la Comisi√≥n Europea una rebaja de las pensiones al ampliar el per√≠odo de c√°lculo, previsibleme‚Ä¶"
38,1458689037154332672,"RT @jmoisesmartin: Que raro. Ten√≠a entendido que este pacto era ""secreto"", seg√∫n hab√≠an publicado medios de reconocido prestigio.
El gobier‚Ä¶"
39,1458688990744358912,"RT @IdafeMartin: Despu√©s d los 9.000 mill d julio, est√° todo listo para recibir otros 10.000 mill del nuevo fondo europeo gracias a ese pla‚Ä¶"
40,1458688773626253315,RT @iellakuria: Ya era hora. La Comisi√≥n Europea investigar√° la gesti√≥n de Oltra por los casos de abusos a menores tutelados  https://t.co/‚Ä¶
41,1458688667225149442,RT @iellakuria: Ya era hora. La Comisi√≥n Europea investigar√° la gesti√≥n de Oltra por los casos de abusos a menores tutelados  https://t.co/‚Ä¶
42,1458688154823704577,RT @sanchezcastejon: Avanzamos y marcamos un nuevo hito: somos el primer pa√≠s en acordar con la @EU_Commission las Disposiciones Operativas‚Ä¶
43,1458687837822500865,"RT @GonBernardos: El gobierno ha firmado con la Comisi√≥n Europea una rebaja de las pensiones al ampliar el per√≠odo de c√°lculo, previsibleme‚Ä¶"
44,1458687741689008130,"RT @Pableraso: La Comisi√≥n Europea investigar√° a @monicaoltra  por los casos de abusos a menores
 
Ya que aqu√≠ los ‚Äútransparentes‚Äù del #Bot‚Ä¶"
45,1458687373546606593,"RT @Pableraso: La Comisi√≥n Europea investigar√° a @monicaoltra  por los casos de abusos a menores
 
Ya que aqu√≠ los ‚Äútransparentes‚Äù del #Bot‚Ä¶"
46,1458687209180176385,"RT @ElMundoEspana: La Comisi√≥n Europea investigar√° la gesti√≥n de la vicepresidenta valenciana, M√≥nica Oltra, por los casos de abusos a meno‚Ä¶"
47,1458686983681847299,RT @sanchezcastejon: Avanzamos y marcamos un nuevo hito: somos el primer pa√≠s en acordar con la @EU_Commission las Disposiciones Operativas‚Ä¶
48,1458686732401102849,"RT @GonBernardos: El gobierno ha firmado con la Comisi√≥n Europea una rebaja de las pensiones al ampliar el per√≠odo de c√°lculo, previsibleme‚Ä¶"
49,1458686635709763585,"RT @IdafeMartin: Despu√©s d los 9.000 mill d julio, est√° todo listo para recibir otros 10.000 mill del nuevo fondo europeo gracias a ese pla‚Ä¶"
50,1458686544764710912,La falta de transparencia en los planes de los hombres de negro y sus compromisos con los gobiernos de este reino s‚Ä¶ https://t.co/tzIlisebA7
51,1458685918542499843,"RT @Pableraso: La Comisi√≥n Europea investigar√° a @monicaoltra  por los casos de abusos a menores
 
Ya que aqu√≠ los ‚Äútransparentes‚Äù del #Bot‚Ä¶"
52,1458685892101562368,RT @Suanzes: El Tribunal de Justicia de la UE desestima el recurso de Google y mantiene la multa de 2.400 millones de euros que le impuso l‚Ä¶
53,1458685645564657670,"RT @Pableraso: La Comisi√≥n Europea investigar√° a @monicaoltra  por los casos de abusos a menores
 
Ya que aqu√≠ los ‚Äútransparentes‚Äù del #Bot‚Ä¶"
54,1458685442111459331,RT @IdafeMartin: La Comisi√≥n Europea lleva a√±os pidiendo a Espa√±a que reduzca la temporalidad.
55,1458685400495632387,RT @iellakuria: Ya era hora. La Comisi√≥n Europea investigar√° la gesti√≥n de Oltra por los casos de abusos a menores tutelados  https://t.co/‚Ä¶
56,1458685291150155777,"RT @hermanntertsch: @ZiemianczykOlek Los polacos no est√°n solos. Al contrario, los injustos, sectarios y malintencionados ataques a Polonia‚Ä¶"
57,1458685255188164608,"RT @GonBernardos: El gobierno ha firmado con la Comisi√≥n Europea una rebaja de las pensiones al ampliar el per√≠odo de c√°lculo, previsibleme‚Ä¶"
58,1458684813150412804,RT @carlossegovia_: Por fin publica el Gobierno el contrato con la Comisi√≥n Europea para publicar los fondos europeos. Lo hace sin haber in‚Ä¶
59,1458684654614192135,"El gobierno ha firmado con la Comisi√≥n Europea una rebaja de las pensiones al ampliar el per√≠odo de c√°lculo, previs‚Ä¶ https://t.co/bWZxlgzdg7"
60,1458684410799308806,"RT @salvadostv: Este viernes acaba la #COP26... con cierto pesimismo: ""No estamos ni cerca de los objetivos""
üì∞ https://t.co/giRITe6sUg http‚Ä¶"
61,1458684085619073024,@publico_es Se inmiscuye la comisi√≥n europea o es una decisi√≥n de Escriv√°? Esto recuerda a la bajada de las pension‚Ä¶ https://t.co/5zCvrpTgF4
62,1458683955239079943,RT @carlossegovia_: Por fin publica el Gobierno el contrato con la Comisi√≥n Europea para publicar los fondos europeos. Lo hace sin haber in‚Ä¶
63,1458683659016355845,üü¢ PILLAN a LA PRESIDENTA de la COMISI√ìN EUROPEA USANDO su AVI√ìN para üü¢ https://t.co/HR2sBo7KrN a trav√©s de @YouTube
64,1458683638292398089,RT @sanchezcastejon: Avanzamos y marcamos un nuevo hito: somos el primer pa√≠s en acordar con la @EU_Commission las Disposiciones Operativas‚Ä¶
65,1458683429269213188,RT @mjmonteroc: Hoy damos un paso clave para recibir los fondos europeos al firmar con el comisario @PaoloGentiloni el acuerdo sobre las Di‚Ä¶
66,1458683384839000067,RT @sanchezcastejon: Avanzamos y marcamos un nuevo hito: somos el primer pa√≠s en acordar con la @EU_Commission las Disposiciones Operativas‚Ä¶
67,1458682802715701248,"RT @Pableraso: La Comisi√≥n Europea investigar√° a @monicaoltra  por los casos de abusos a menores
 
Ya que aqu√≠ los ‚Äútransparentes‚Äù del #Bot‚Ä¶"
68,1458682742745489409,"RT @Pableraso: La Comisi√≥n Europea investigar√° a @monicaoltra  por los casos de abusos a menores
 
Ya que aqu√≠ los ‚Äútransparentes‚Äù del #Bot‚Ä¶"
69,1458682610809548807,"La Comisi√≥n Europea investigar√° a Oltra por los casos de abusos a menores

Que verg√ºenza, que asco, que miserable.‚Ä¶ https://t.co/5GfZoazKil"
70,1458682521932214273,RT @elmundoes: La Comisi√≥n Europea investigar√° la gesti√≥n de Oltra por los casos de abusos a menores tutelados https://t.co/66rScDIdFj
71,1458682343942758403,RT @carlossegovia_: Por fin publica el Gobierno el contrato con la Comisi√≥n Europea para publicar los fondos europeos. Lo hace sin haber in‚Ä¶
72,1458681855503437824,"RT @psotoacosta: ‚ö†Ô∏èLa Comisi√≥n Europea va a rebajar este jueves las estimaciones de crecimiento de Espa√±a a 4,6% para 2021 y 5,5% para 2022‚Ä¶"
73,1458681682651975687,"RT @YayosCartagena: ""El Gobierno espa√±ol y¬†la Comisi√≥n Europea han firmado ya el memorando por el que se regir√° la supervisi√≥n de las ayuda‚Ä¶"
74,1458681645201084418,"RT @salvadostv: Este viernes acaba la #COP26... con cierto pesimismo: ""No estamos ni cerca de los objetivos""
üì∞ https://t.co/giRITe6sUg http‚Ä¶"
75,1458681587864907777,"RT @Pableraso: La Comisi√≥n Europea investigar√° a @monicaoltra  por los casos de abusos a menores
 
Ya que aqu√≠ los ‚Äútransparentes‚Äù del #Bot‚Ä¶"
76,1458681412329132034,"RT @Pableraso: La Comisi√≥n Europea investigar√° a @monicaoltra  por los casos de abusos a menores
 
Ya que aqu√≠ los ‚Äútransparentes‚Äù del #Bot‚Ä¶"
77,1458681306322194436,"RT @Pableraso: La Comisi√≥n Europea investigar√° a @monicaoltra  por los casos de abusos a menores
 
Ya que aqu√≠ los ‚Äútransparentes‚Äù del #Bot‚Ä¶"
78,1458681260801503233,"RT @psotoacosta: ‚ö†Ô∏èLa Comisi√≥n Europea va a rebajar este jueves las estimaciones de crecimiento de Espa√±a a 4,6% para 2021 y 5,5% para 2022‚Ä¶"
79,1458680994794455048,"RT @psotoacosta: ‚ö†Ô∏èLa Comisi√≥n Europea va a rebajar este jueves las estimaciones de crecimiento de Espa√±a a 4,6% para 2021 y 5,5% para 2022‚Ä¶"
80,1458680837747138563,RT @mjmonteroc: Hoy damos un paso clave para recibir los fondos europeos al firmar con el comisario @PaoloGentiloni el acuerdo sobre las Di‚Ä¶
81,1458680418270654465,"RT @DoriToribio: La presidenta de la Comisi√≥n Europea, Ursula Von der Leyen, asegura tras su reuni√≥n con el presidente Biden en la Casa Bla‚Ä¶"
82,1458680251328958468,"RT @Pableraso: La Comisi√≥n Europea investigar√° a @monicaoltra  por los casos de abusos a menores
 
Ya que aqu√≠ los ‚Äútransparentes‚Äù del #Bot‚Ä¶"
83,1458680018192715776,"RT @Pableraso: La Comisi√≥n Europea investigar√° a @monicaoltra  por los casos de abusos a menores
 
Ya que aqu√≠ los ‚Äútransparentes‚Äù del #Bot‚Ä¶"
84,1458679832817057800,"RT @psotoacosta: ‚ö†Ô∏èLa Comisi√≥n Europea va a rebajar este jueves las estimaciones de crecimiento de Espa√±a a 4,6% para 2021 y 5,5% para 2022‚Ä¶"
85,1458679266653224962,RT @iellakuria: Ya era hora. La Comisi√≥n Europea investigar√° la gesti√≥n de Oltra por los casos de abusos a menores tutelados  https://t.co/‚Ä¶
86,1458679178920869889,RT @mjmonteroc: Hoy damos un paso clave para recibir los fondos europeos al firmar con el comisario @PaoloGentiloni el acuerdo sobre las Di‚Ä¶
87,1458678989795508225,RT @carlossegovia_: Por fin publica el Gobierno el contrato con la Comisi√≥n Europea para publicar los fondos europeos. Lo hace sin haber in‚Ä¶
88,1458678865572904961,RT @elmundoes: La Comisi√≥n Europea investigar√° la gesti√≥n de Oltra por los casos de abusos a menores tutelados https://t.co/66rScDIdFj
89,1458678558411395075,La Comisi√≥n Europea investigar√° a Oltra por los casos de abusos a menores https://t.co/iIFqMaTa2A√≠tica
90,1458678409714937857,RT @carlossegovia_: Por fin publica el Gobierno el contrato con la Comisi√≥n Europea para publicar los fondos europeos. Lo hace sin haber in‚Ä¶
91,1458678372968640515,RT @elpais_inter: La presidenta de la Comisi√≥n Europea asegura en Washington que el enfrentamiento entre Polonia y Bielorrusia ‚Äúno es una c‚Ä¶
92,1458678105896333312,"RT @raulmtt: ¬øOs acord√°is del anuncio de recorte en #pensiones que hizo hace 2 d√≠as Escriv√° si fallaba su plan? No se le fue la olla, es lo‚Ä¶"
93,1458677694602911748,"‚û°Ô∏è La Comisi√≥n Europea hoy publica sus previsiones macroecon√≥micas de oto√±o para la eurozona y l aUE

‚û°Ô∏èEuropa no s‚Ä¶ https://t.co/KDdaxyk7Cd"
94,1458677592177971201,"La Comisi√≥n Europea investigar√° a @monicaoltra  por los casos de abusos a menores
 
Ya que aqu√≠ los ‚Äútransparentes‚Äù‚Ä¶ https://t.co/IdlJDwoIdz"
95,1458676732890959872,RT @sanchezcastejon: Avanzamos y marcamos un nuevo hito: somos el primer pa√≠s en acordar con la @EU_Commission las Disposiciones Operativas‚Ä¶
96,1458676669955387394,RT @la8mediterraneo: üîµEsta tarde hemos conocido que la Comisi√≥n Europea investigar√° la gesti√≥n de Oltra por los casos de abusos a menores t‚Ä¶
97,1458676592402644998,"@COPE Lo que est√° sucediendo en Ceuta y Marruecos , y Canarias, al igual que en Italia y la frontera con Turqu√≠a ,‚Ä¶ https://t.co/SoBYrfy107"
98,1458676435556745217,"‚ö†Ô∏èLa Comisi√≥n Europea va a rebajar este jueves las estimaciones de crecimiento de Espa√±a a 4,6% para 2021 y 5,5% pa‚Ä¶ https://t.co/Gf22nvZ8FO"
99,1458676201552289794,"RT @hermanntertsch: @ZiemianczykOlek Los polacos no est√°n solos. Al contrario, los injustos, sectarios y malintencionados ataques a Polonia‚Ä¶"
100,1458676135441666054,RT @carlossegovia_: Por fin publica el Gobierno el contrato con la Comisi√≥n Europea para publicar los fondos europeos. Lo hace sin haber in‚Ä¶
101,1458675341170520069,"RT @jmoisesmartin: Que raro. Ten√≠a entendido que este pacto era ""secreto"", seg√∫n hab√≠an publicado medios de reconocido prestigio.
El gobier‚Ä¶"
102,1458675329204117504,La Comisi√≥n Europea sigue con sus recortes de merluza y lenguado https://t.co/KWZX8dsXvM
103,1458675319385333760,"La Comisi√≥n Europea parece resignada a ceder y aceptar la energ√≠a nuclear en la categor√≠a verde, para indignaci√≥n d‚Ä¶ https://t.co/4HncGIUP1f"
104,1458674694656253952,RT @carlossegovia_: Por fin publica el Gobierno el contrato con la Comisi√≥n Europea para publicar los fondos europeos. Lo hace sin haber in‚Ä¶
105,1458674583763103747,"Que raro. Ten√≠a entendido que este pacto era ""secreto"", seg√∫n hab√≠an publicado medios de reconocido prestigio.
El g‚Ä¶ https://t.co/OKzBxRu1y6"
106,1458674346826907648,RT @iellakuria: Ya era hora. La Comisi√≥n Europea investigar√° la gesti√≥n de Oltra por los casos de abusos a menores tutelados  https://t.co/‚Ä¶
107,1458673839265751042,RT @linagalvezmunoz: üá™üá¶Espa√±a es el primer Estado miembro en consensuar con la Comisi√≥n Europeaüá™üá∫ el documento que recoge las Disposiciones‚Ä¶
108,1458673754079379458,RT @elmundoes: La Comisi√≥n Europea investigar√° la gesti√≥n de Oltra por los casos de abusos a menores tutelados https://t.co/66rScDIdFj
109,1458673648257187843,RT @carlossegovia_: Por fin publica el Gobierno el contrato con la Comisi√≥n Europea para publicar los fondos europeos. Lo hace sin haber in‚Ä¶
110,1458672362195410945,RT @carlossegovia_: Por fin publica el Gobierno el contrato con la Comisi√≥n Europea para publicar los fondos europeos. Lo hace sin haber in‚Ä¶
111,1458671626971611138,"RT @salvadostv: Este viernes acaba la #COP26... con cierto pesimismo: ""No estamos ni cerca de los objetivos""
üì∞ https://t.co/giRITe6sUg http‚Ä¶"
112,1458670957128728579,RT @IdafeMartin: La Comisi√≥n Europea lleva a√±os pidiendo a Espa√±a que reduzca la temporalidad.
113,1458670754602663939,"RT @SMiltim: Hab√≠amos descubierto que el Plan de Recuperaci√≥n, Resiliencia y Transformismo no era un plan de recuperaci√≥n. Dijimos entonces‚Ä¶"
114,1458670384950222848,"RT @hermanntertsch: @ZiemianczykOlek Los polacos no est√°n solos. Al contrario, los injustos, sectarios y malintencionados ataques a Polonia‚Ä¶"
115,1458669984389943297,RT @elmundoes: La Comisi√≥n Europea investigar√° la gesti√≥n de Oltra por los casos de abusos a menores tutelados https://t.co/66rScDIdFj
116,1458669967226847238,RT @carlossegovia_: Por fin publica el Gobierno el contrato con la Comisi√≥n Europea para publicar los fondos europeos. Lo hace sin haber in‚Ä¶
117,1458669782283296771,"RT @JorgeRTB: @Raclo20 @Baba_vox Piensa mal y acertar√°s, me resulta curioso este asalto a la frontera polaca en plena pugna ""ideol√≥gica "" d‚Ä¶"
118,1458669642248073220,"@rafetavlc Con estos 2 idiotasüîΩ
los presidentes de la Comisi√≥n Europea, U. VON DER LEYEN, y del Consejo Europeo, CH‚Ä¶ https://t.co/99xSroeUQb"
119,1458666991259205636,RT @elmundoes: La Comisi√≥n Europea investigar√° la gesti√≥n de Oltra por los casos de abusos a menores tutelados https://t.co/66rScDIdFj
120,1458666165325242368,RT @elmundoes: La Comisi√≥n Europea investigar√° la gesti√≥n de Oltra por los casos de abusos a menores tutelados https://t.co/66rScDIdFj
121,1458665691138174983,"@Raclo20 @Baba_vox Piensa mal y acertar√°s, me resulta curioso este asalto a la frontera polaca en plena pugna ""ideo‚Ä¶ https://t.co/LggYGqQMLS"
122,1458665362501816326,RT @iellakuria: Ya era hora. La Comisi√≥n Europea investigar√° la gesti√≥n de Oltra por los casos de abusos a menores tutelados  https://t.co/‚Ä¶
123,1458665080711790594,RT @carlossegovia_: Por fin publica el Gobierno el contrato con la Comisi√≥n Europea para publicar los fondos europeos. Lo hace sin haber in‚Ä¶
124,1458664798040723458,RT @elmundoes: La Comisi√≥n Europea investigar√° la gesti√≥n de Oltra por los casos de abusos a menores tutelados https://t.co/66rScDIdFj
125,1458662994477559810,"RT @hasta_el_mismo3: üîµ La Comisi√≥n Europea investigar√° la gesti√≥n de Oltra por los casos de abusos a menores tutelados.

https://t.co/x5exI‚Ä¶"
126,1458662919537934337,RT @elmundoes: La Comisi√≥n Europea investigar√° la gesti√≥n de Oltra por los casos de abusos a menores tutelados https://t.co/66rScDIdFj
127,1458661994446344196,"RT @RegCom_UChile: TJUE confirma multa de la Comisi√≥n Europea contra Google por abuso de posici√≥n dominante, al privilegiar Google Shopping‚Ä¶"
128,1458661888477347841,RT @errordesconocid: Yo creo que mucha gente todav√≠a no es consciente de que los ministros de Podemos son aut√©nticos sicarios de la Comisi√≥‚Ä¶
129,1458661762656575490,RT @carlossegovia_: Por fin publica el Gobierno el contrato con la Comisi√≥n Europea para publicar los fondos europeos. Lo hace sin haber in‚Ä¶
130,1458661357021274113,"RT @IdafeMartin: Despu√©s d los 9.000 mill d julio, est√° todo listo para recibir otros 10.000 mill del nuevo fondo europeo gracias a ese pla‚Ä¶"
131,1458660794401439745,RT @carlossegovia_: Por fin publica el Gobierno el contrato con la Comisi√≥n Europea para publicar los fondos europeos. Lo hace sin haber in‚Ä¶
132,1458659926411296769,"RT @salvadostv: Este viernes acaba la #COP26... con cierto pesimismo: ""No estamos ni cerca de los objetivos""
üì∞ https://t.co/giRITe6sUg http‚Ä¶"
133,1458658848567439360,"RT @hermanntertsch: @ZiemianczykOlek Los polacos no est√°n solos. Al contrario, los injustos, sectarios y malintencionados ataques a Polonia‚Ä¶"
134,1458656905627418630,RT @iellakuria: Ya era hora. La Comisi√≥n Europea investigar√° la gesti√≥n de Oltra por los casos de abusos a menores tutelados  https://t.co/‚Ä¶
135,1458656879966576642,RT @future_spain: üü¢ Se acerca el d√≠a de nuestra intervenci√≥n en el evento que organiza la comisi√≥n europea dentro de la #COP26 #COP26Glasgo‚Ä¶
136,1458653917374562310,RT @carlossegovia_: Por fin publica el Gobierno el contrato con la Comisi√≥n Europea para publicar los fondos europeos. Lo hace sin haber in‚Ä¶
137,1458651858109546497,"RT @salvadostv: Este viernes acaba la #COP26... con cierto pesimismo: ""No estamos ni cerca de los objetivos""
üì∞ https://t.co/giRITe6sUg http‚Ä¶"
138,1458650692852191234,#DeInnovaci√≥n Ese tribunal rechaz√≥ una apelaci√≥n presentada por Google a la sanci√≥n que le hab√≠a sido aplicada por‚Ä¶ https://t.co/wg4WT4mcI9
139,1458650164609040384,"RT @raulmtt: ¬øOs acord√°is del anuncio de recorte en #pensiones que hizo hace 2 d√≠as Escriv√° si fallaba su plan? No se le fue la olla, es lo‚Ä¶"
140,1458649445126520833,"RT @hermanntertsch: @ZiemianczykOlek Los polacos no est√°n solos. Al contrario, los injustos, sectarios y malintencionados ataques a Polonia‚Ä¶"
141,1458645831423336453,"RT @hermanntertsch: @ZiemianczykOlek Los polacos no est√°n solos. Al contrario, los injustos, sectarios y malintencionados ataques a Polonia‚Ä¶"
142,1458644642929557504,"RT @AmigosTierraEsp: ü§•Vaya, vaya, vaya ... As√≠ que en la #COP26 la Presidenta de la Comisi√≥n Europea Ursula von der Leyen dice ""¬°Hay que ac‚Ä¶"
143,1458644071082303490,RT @NetNezva: noticia fresquita: el Tribunal General de la Uni√≥n Europea dict√≥ sentencia hoy en uno de los casos de Google/Alphabet por abu‚Ä¶
144,1458643370507751428,La Comisi√≥n Europea investigar√° la gesti√≥n de Oltra por los casos de abusos a menores tutelados en la Comunidad Val‚Ä¶ https://t.co/OWYwH6HcIm
145,1458642254432813059,RT @linagalvezmunoz: üá™üá¶Espa√±a es el primer Estado miembro en consensuar con la Comisi√≥n Europeaüá™üá∫ el documento que recoge las Disposiciones‚Ä¶
146,1458641547214438401,RT @iellakuria: Ya era hora. La Comisi√≥n Europea investigar√° la gesti√≥n de Oltra por los casos de abusos a menores tutelados  https://t.co/‚Ä¶
147,1458640752687427587,RT @carlossegovia_: Por fin publica el Gobierno el contrato con la Comisi√≥n Europea para publicar los fondos europeos. Lo hace sin haber in‚Ä¶
148,1458635072437952513,RT @iellakuria: Ya era hora. La Comisi√≥n Europea investigar√° la gesti√≥n de Oltra por los casos de abusos a menores tutelados  https://t.co/‚Ä¶
149,1458634810340093957,"RT @Deselectrocuta1: Esperando 2 cosas:
1) Qu√© dice Casado al respecto.
2) Cu√°nta corrupci√≥n del PP esconde esto.

La Comisi√≥n Europea obli‚Ä¶"
150,1458633553890140172,RT @FAndradeRoa: Le presentamos formalmente a la comisi√≥n de observadores internacionales de la Uni√≥n Europea una denuncia formal contra el‚Ä¶
151,1458633335757058054,RT @carlossegovia_: Por fin publica el Gobierno el contrato con la Comisi√≥n Europea para publicar los fondos europeos. Lo hace sin haber in‚Ä¶
152,1458632919577247745,RT @elmundoes: La Comisi√≥n Europea investigar√° la gesti√≥n de Oltra por los casos de abusos a menores tutelados https://t.co/66rScDIdFj
153,1458632851797258243,RT @FAndradeRoa: Le presentamos formalmente a la comisi√≥n de observadores internacionales de la Uni√≥n Europea una denuncia formal contra el‚Ä¶
154,1458632113004105732,RT @elmundoes: La Comisi√≥n Europea investigar√° la gesti√≥n de Oltra por los casos de abusos a menores tutelados https://t.co/66rScDIdFj
155,1458631967734480900,RT @elmundoes: La Comisi√≥n Europea investigar√° la gesti√≥n de Oltra por los casos de abusos a menores tutelados https://t.co/66rScDIdFj
156,1458631681259180037,"RT @salvadostv: Este viernes acaba la #COP26... con cierto pesimismo: ""No estamos ni cerca de los objetivos""
üì∞ https://t.co/giRITe6sUg http‚Ä¶"
157,1458630908135755776,"RT @Deselectrocuta1: Esperando 2 cosas:
1) Qu√© dice Casado al respecto.
2) Cu√°nta corrupci√≥n del PP esconde esto.

La Comisi√≥n Europea obli‚Ä¶"
158,1458630743488348174,Le presentamos formalmente a la comisi√≥n de observadores internacionales de la Uni√≥n Europea una denuncia formal co‚Ä¶ https://t.co/EXwSsishOE
159,1458629851485806596,"RT @salvadostv: Este viernes acaba la #COP26... con cierto pesimismo: ""No estamos ni cerca de los objetivos""
üì∞ https://t.co/giRITe6sUg http‚Ä¶"
160,1458629218691125248,RT @carlossegovia_: Por fin publica el Gobierno el contrato con la Comisi√≥n Europea para publicar los fondos europeos. Lo hace sin haber in‚Ä¶
161,1458628156659806214,RT @elmundoes: La Comisi√≥n Europea investigar√° la gesti√≥n de Oltra por los casos de abusos a menores tutelados https://t.co/66rScDIdFj
162,1458628143993044995,RT @A_Alarcos: Eurodiputado rumano muestra el acceso que han tenido a los contratos en relaci√≥n a las vacunas contra COVID19 firmados entre‚Ä¶
163,1458627329337479173,RT @sanchezcastejon: Avanzamos y marcamos un nuevo hito: somos el primer pa√≠s en acordar con la @EU_Commission las Disposiciones Operativas‚Ä¶
164,1458626780986855429,RT @elmundoes: La Comisi√≥n Europea investigar√° la gesti√≥n de Oltra por los casos de abusos a menores tutelados https://t.co/66rScDIdFj
165,1458626352433614848,La Comisi√≥n Europea investigar√° la gesti√≥n de Oltra por los casos de abusos a menores tutelados https://t.co/66rScDIdFj
166,1458625811540545537,@lakebbel @izkia @Radexfierrooban @danieljadue @saludconlupa @epistemonikos Y lo avalan dos cuentas de twitter. Tot‚Ä¶ https://t.co/Z1jZVW3PFK
167,1458623830902165505,RT @carlossegovia_: Por fin publica el Gobierno el contrato con la Comisi√≥n Europea para publicar los fondos europeos. Lo hace sin haber in‚Ä¶
168,1458622869722783749,El Tribunal General de la UE discrimin√≥ que la Comisi√≥n Europea ten√≠a raz√≥n al multar a Google por infracci√≥n en la‚Ä¶ https://t.co/f5aFYvyEz0
169,"1,45862E+18","RT @Deselectrocuta1: Esperando 2 cosas:
1) Qu√© dice Casado al respecto.
2) Cu√°nta corrupci√≥n del PP esconde esto.

La Comisi√≥n Europea obli‚Ä¶"
170,1458620880326733829,"RT @salvadostv: Este viernes acaba la #COP26... con cierto pesimismo: ""No estamos ni cerca de los objetivos""
üì∞ https://t.co/giRITe6sUg http‚Ä¶"
171,1458620676965912578,"Esperando 2 cosas:
1) Qu√© dice Casado al respecto.
2) Cu√°nta corrupci√≥n del PP esconde esto.

La Comisi√≥n Europea o‚Ä¶ https://t.co/viiL9GDukm"
172,1458617448228339714,La Comisi√≥n Europea investigar√° a Oltra por los casos de abusos a menores https://t.co/BJNaFKj00k
173,1458617158301331457,RT @mjmonteroc: Hoy damos un paso clave para recibir los fondos europeos al firmar con el comisario @PaoloGentiloni el acuerdo sobre las Di‚Ä¶
174,1458616120609583116,RT @NetNezva: noticia fresquita: el Tribunal General de la Uni√≥n Europea dict√≥ sentencia hoy en uno de los casos de Google/Alphabet por abu‚Ä¶
175,1458614294631919624,RT @carlossegovia_: Por fin publica el Gobierno el contrato con la Comisi√≥n Europea para publicar los fondos europeos. Lo hace sin haber in‚Ä¶
176,1458613166674300928,RT @IngPazos: El Tribunal General de la Uni√≥n Europea (TUE) confirma este mi√©rcoles la multa de 2.420 millones de euros impuesta por la Com‚Ä¶
177,1458612904081739780,RT @carlossegovia_: Por fin publica el Gobierno el contrato con la Comisi√≥n Europea para publicar los fondos europeos. Lo hace sin haber in‚Ä¶
178,1458612871395479558,"RT @salvadostv: Este viernes acaba la #COP26... con cierto pesimismo: ""No estamos ni cerca de los objetivos""
üì∞ https://t.co/giRITe6sUg http‚Ä¶"
179,1458612149350289408,El Tribunal General de la Uni√≥n Europea (TGUE) confirm√≥ este mi√©rcoles la multa de 2.424 millones de euros que la C‚Ä¶ https://t.co/uEpcMcl6Ax
180,1458610511893905410,"RT @salvadostv: Este viernes acaba la #COP26... con cierto pesimismo: ""No estamos ni cerca de los objetivos""
üì∞ https://t.co/giRITe6sUg http‚Ä¶"
181,1458609970237296650,"RT @dw_espanol: Sanciones contra Bielorrusia

La presidenta de la Comisi√≥n Europea, Ursula von der Leyen, anunci√≥ desde la Casa Blanca, don‚Ä¶"
182,1458609165660737536,"RT @ymouled: Desde hace semanas, la Comisi√≥n Europea confronta a Polonia, sacando pecho, por la defensa de lo m√°s fundamental para Europa:‚Ä¶"
183,1458608950610386948,RT @carlossegovia_: Por fin publica el Gobierno el contrato con la Comisi√≥n Europea para publicar los fondos europeos. Lo hace sin haber in‚Ä¶
184,1458606715641995265,"RT @OMC_Espana: La calidad del aire en Espa√±a ""sigue siendo un motivo de preocupaci√≥n"", seg√∫n la Comisi√≥n Europea  https://t.co/Ae3Ehg2F3S‚Ä¶"
185,1458606636659097601,"RT @infopublicave: üì¢La presidenta de la Comisi√≥n Europea, Ursula Von der Leyen, afirm√≥ que la üá™üá∫#UE impondr√° nuevas sanciones contra indivi‚Ä¶"
186,1458606538059362307,RT @sanchezcastejon: Avanzamos y marcamos un nuevo hito: somos el primer pa√≠s en acordar con la @EU_Commission las Disposiciones Operativas‚Ä¶
187,1458606122823204865,"RT @elOrdenMundial: üá™üá∫¬øNo entiendes c√≥mo funciona la Uni√≥n Europea? ¬øQu√© diferencias hay entre el Parlamento, el Consejo, o la Comisi√≥n, y‚Ä¶"
188,1458605629929623559,"RT @Forbes_CA: La Justicia europea va por Google: el TGUE confirm√≥ la multa de 2,800 mdd que la Comisi√≥n Europea impuso a Google en 2017 po‚Ä¶"
189,1458605121038950404,RT @carlossegovia_: Por fin publica el Gobierno el contrato con la Comisi√≥n Europea para publicar los fondos europeos. Lo hace sin haber in‚Ä¶
190,1458605041107963904,RT @iellakuria: Ya era hora. La Comisi√≥n Europea investigar√° la gesti√≥n de Oltra por los casos de abusos a menores tutelados  https://t.co/‚Ä¶
191,1458604818612826115,"RT @salvadostv: Este viernes acaba la #COP26... con cierto pesimismo: ""No estamos ni cerca de los objetivos""
üì∞ https://t.co/giRITe6sUg http‚Ä¶"
192,1458604687024955397,Ministros de Econom√≠a y Finanzas de la Uni√≥n Europea manifestaron su confianza en que el aumento de los precios de‚Ä¶ https://t.co/hVUJkAE1eJ
193,1458604642682781699,RT @elOrdenMundial: La Comisi√≥n Europea quiere que el veh√≠culo rodado y la climatizaci√≥n de edificios paguen por sus emisiones. Pero Franci‚Ä¶
194,1458603074440810496,RT @carlossegovia_: Por fin publica el Gobierno el contrato con la Comisi√≥n Europea para publicar los fondos europeos. Lo hace sin haber in‚Ä¶
195,1458602273257390087,El Tribunal General de la Uni√≥n Europea (TUE) confirma este mi√©rcoles la multa de 2.420 millones de euros impuesta‚Ä¶ https://t.co/zbVq5jZ4t2
196,1458602203653062657,"RT @IdafeMartin: Despu√©s d los 9.000 mill d julio, est√° todo listo para recibir otros 10.000 mill del nuevo fondo europeo gracias a ese pla‚Ä¶"
197,1458602038443524097,"RT @raulmtt: ¬øOs acord√°is del anuncio de recorte en #pensiones que hizo hace 2 d√≠as Escriv√° si fallaba su plan? No se le fue la olla, es lo‚Ä¶"
198,1458601416273149952,"Despu√©s d los 9.000 mill d julio, est√° todo listo para recibir otros 10.000 mill del nuevo fondo europeo gracias a‚Ä¶ https://t.co/5nGAibMNXr"
199,1458601112915877890,"RT @iescolar: El contrato para los fondos europeos reci√©n firmado incluye la reforma de las pensiones ""extendiendo el per√≠odo de c√≥mputo pa‚Ä¶"
200,1458600135047495681,"RT @salvadostv: Este viernes acaba la #COP26... con cierto pesimismo: ""No estamos ni cerca de los objetivos""
üì∞ https://t.co/giRITe6sUg http‚Ä¶"
201,1458600082304032772,RT @mjmonteroc: Hoy damos un paso clave para recibir los fondos europeos al firmar con el comisario @PaoloGentiloni el acuerdo sobre las Di‚Ä¶
202,1458600050804805635,RT @carlossegovia_: Por fin publica el Gobierno el contrato con la Comisi√≥n Europea para publicar los fondos europeos. Lo hace sin haber in‚Ä¶
203,1458598818929381380,La Comisi√≥n Europea ha acordado un contrato para comprar hasta 60 millones de dosis de la vacuna #Covid-19 desarrol‚Ä¶ https://t.co/G3h8AjPgwA
204,1458598797576224780,"RT @raulmtt: ¬øOs acord√°is del anuncio de recorte en #pensiones que hizo hace 2 d√≠as Escriv√° si fallaba su plan? No se le fue la olla, es lo‚Ä¶"
205,1458596856162828292,"RT @salvadostv: Este viernes acaba la #COP26... con cierto pesimismo: ""No estamos ni cerca de los objetivos""
üì∞ https://t.co/giRITe6sUg http‚Ä¶"
206,1458596681189056515,RT @sanchezcastejon: Avanzamos y marcamos un nuevo hito: somos el primer pa√≠s en acordar con la @EU_Commission las Disposiciones Operativas‚Ä¶
207,1458596586477342721,"La Justicia europea va por Google: el TGUE confirm√≥ la multa de 2,800 mdd que la Comisi√≥n Europea impuso a Google e‚Ä¶ https://t.co/ORjbGwbZ0L"
208,1458596586196398087,"#RD La Justicia europea va por Google: el TGUE confirm√≥ la multa de 2,800 mdd que la Comisi√≥n Europea impuso a Goog‚Ä¶ https://t.co/j5XM8ZjbQj"
209,1458595456414531590,RT @sanchezcastejon: Avanzamos y marcamos un nuevo hito: somos el primer pa√≠s en acordar con la @EU_Commission las Disposiciones Operativas‚Ä¶
210,1458595326361845760,"RT @salvadostv: Este viernes acaba la #COP26... con cierto pesimismo: ""No estamos ni cerca de los objetivos""
üì∞ https://t.co/giRITe6sUg http‚Ä¶"
211,1458594700328321025,"RT @salvadostv: Este viernes acaba la #COP26... con cierto pesimismo: ""No estamos ni cerca de los objetivos""
üì∞ https://t.co/giRITe6sUg http‚Ä¶"
212,1458594559752118281,"RT @DoriToribio: La presidenta de la Comisi√≥n Europea, Ursula Von der Leyen, asegura tras su reuni√≥n con el presidente Biden en la Casa Bla‚Ä¶"
213,1458594521273536513,RT @carlossegovia_: Por fin publica el Gobierno el contrato con la Comisi√≥n Europea para publicar los fondos europeos. Lo hace sin haber in‚Ä¶
214,1458593778802036740,RT @mjmonteroc: Hoy damos un paso clave para recibir los fondos europeos al firmar con el comisario @PaoloGentiloni el acuerdo sobre las Di‚Ä¶
215,1458593551344967680,RT @MeLlamoLonegan: La Comisi√≥n Europea investigar√° a @monicaoltra  por los casos de abusos a menores https://t.co/7ZCQPhBGdh√≠tica
216,1458593502410022923,"Google no se libra de una multa por 2,424 millones de euros impuesta por la Uni√≥n Europea por competencia desleal e‚Ä¶ https://t.co/H5OhSEkrmk"
217,1458592623917252609,"RT @salvadostv: Este viernes acaba la #COP26... con cierto pesimismo: ""No estamos ni cerca de los objetivos""
üì∞ https://t.co/giRITe6sUg http‚Ä¶"
218,1458591909241397250,"RT @salvadostv: Este viernes acaba la #COP26... con cierto pesimismo: ""No estamos ni cerca de los objetivos""
üì∞ https://t.co/giRITe6sUg http‚Ä¶"
219,1458591166736306176,RT @iellakuria: Ya era hora. La Comisi√≥n Europea investigar√° la gesti√≥n de Oltra por los casos de abusos a menores tutelados  https://t.co/‚Ä¶
220,1458590364705726469,"RT @hermanntertsch: @ZiemianczykOlek Los polacos no est√°n solos. Al contrario, los injustos, sectarios y malintencionados ataques a Polonia‚Ä¶"
221,1458590038254567424,"RT @COPINHHONDURAS: 1/3üìÑ #CARTA| Bertha Z√∫niga, Coordinadora General del COPINH, se dirige a la Comisi√≥n Europea mediante una carta para so‚Ä¶"
222,1458590025310949376,RT @GPPopular: üëâ @cucagamarra: ‚ÄúLa primera obligaci√≥n de un Gobierno decente es decir la verdad. Ma√±ana la Comisi√≥n Europea confirmar√° que‚Ä¶
223,1458589834839306250,RT @iellakuria: Ya era hora. La Comisi√≥n Europea investigar√° la gesti√≥n de Oltra por los casos de abusos a menores tutelados  https://t.co/‚Ä¶
224,1458589059736125448,RT @carlossegovia_: Por fin publica el Gobierno el contrato con la Comisi√≥n Europea para publicar los fondos europeos. Lo hace sin haber in‚Ä¶
225,1458588828499947522,"RT @raulmtt: ¬øOs acord√°is del anuncio de recorte en #pensiones que hizo hace 2 d√≠as Escriv√° si fallaba su plan? No se le fue la olla, es lo‚Ä¶"
226,1458588585339273226,RT @carlossegovia_: Por fin publica el Gobierno el contrato con la Comisi√≥n Europea para publicar los fondos europeos. Lo hace sin haber in‚Ä¶
227,1458588371421474822,RT @errordesconocid: Yo creo que mucha gente todav√≠a no es consciente de que los ministros de Podemos son aut√©nticos sicarios de la Comisi√≥‚Ä¶
228,1458588151748956160,RT @carlossegovia_: Por fin publica el Gobierno el contrato con la Comisi√≥n Europea para publicar los fondos europeos. Lo hace sin haber in‚Ä¶
229,1458587897951670275,RT @mjmonteroc: Hoy damos un paso clave para recibir los fondos europeos al firmar con el comisario @PaoloGentiloni el acuerdo sobre las Di‚Ä¶
230,1458587819035791369,RT @mjmonteroc: Hoy damos un paso clave para recibir los fondos europeos al firmar con el comisario @PaoloGentiloni el acuerdo sobre las Di‚Ä¶
231,1458587146181349381,"RT @salvadostv: Este viernes acaba la #COP26... con cierto pesimismo: ""No estamos ni cerca de los objetivos""
üì∞ https://t.co/giRITe6sUg http‚Ä¶"
232,1458586855729860608,"RT @orue_s: La Comisi√≥n Europea clasificar√° como ‚Äòverde‚Äô la inversi√≥n en centrales nucleares: Francia en el grupo ""pro-nuclear"", Espa√±a en‚Ä¶"
233,1458586611470450692,RT @sanchezcastejon: Avanzamos y marcamos un nuevo hito: somos el primer pa√≠s en acordar con la @EU_Commission las Disposiciones Operativas‚Ä¶
234,1458586284885258246,"RT @COPINHHONDURAS: 1/3üìÑ #CARTA| Bertha Z√∫niga, Coordinadora General del COPINH, se dirige a la Comisi√≥n Europea mediante una carta para so‚Ä¶"
235,1458585776099246081,"El 12 de noviembre, la Comisi√≥n Europea se reunir√° para analizar la creaci√≥n de un tribunal multilateral de inversi‚Ä¶ https://t.co/sfZTXVtLNp"
236,1458585713331552262,La Comisi√≥n Europea investigar√° la gesti√≥n de Oltra por los casos de abusos a menores tutelados https://t.co/TPImQz11M3
237,1458585262930284545,#Bruselas ¬´El TUE ha confirmado este mi√©rcoles la multa de 2 mil 420 millones de euros impuesta por la Comisi√≥n Eur‚Ä¶ https://t.co/pLwReuNGs8
238,1458585221583020036,RT @carlossegovia_: Por fin publica el Gobierno el contrato con la Comisi√≥n Europea para publicar los fondos europeos. Lo hace sin haber in‚Ä¶
239,1458585210442989568,RT @carlossegovia_: Por fin publica el Gobierno el contrato con la Comisi√≥n Europea para publicar los fondos europeos. Lo hace sin haber in‚Ä¶
240,1458584581888741381,RT @mjmonteroc: Hoy damos un paso clave para recibir los fondos europeos al firmar con el comisario @PaoloGentiloni el acuerdo sobre las Di‚Ä¶
241,1458584393598087170,"RT @ElMundoEspana: La Comisi√≥n Europea investigar√° la gesti√≥n de la vicepresidenta valenciana, M√≥nica Oltra, por los casos de abusos a meno‚Ä¶"
242,1458584336882712578,RT @iellakuria: Ya era hora. La Comisi√≥n Europea investigar√° la gesti√≥n de Oltra por los casos de abusos a menores tutelados  https://t.co/‚Ä¶
243,1458583995147554824,RT @carlossegovia_: Por fin publica el Gobierno el contrato con la Comisi√≥n Europea para publicar los fondos europeos. Lo hace sin haber in‚Ä¶
244,1458583726380748803,"La Comisi√≥n Europea investigar√° a Oltra por los casos de abusos a menores

QUE INVESTIGUEN A ESTA MISERABLE DE‚Ä¶ https://t.co/tXlF3s6S8a"
245,1458583309684985857,RT @carlossegovia_: Por fin publica el Gobierno el contrato con la Comisi√≥n Europea para publicar los fondos europeos. Lo hace sin haber in‚Ä¶
246,1458582974413381632,RT @carlossegovia_: Por fin publica el Gobierno el contrato con la Comisi√≥n Europea para publicar los fondos europeos. Lo hace sin haber in‚Ä¶
247,1458582683559206912,"RT @salvadostv: Este viernes acaba la #COP26... con cierto pesimismo: ""No estamos ni cerca de los objetivos""
üì∞ https://t.co/giRITe6sUg http‚Ä¶"
248,1458582534107930625,"RT @salvadostv: Este viernes acaba la #COP26... con cierto pesimismo: ""No estamos ni cerca de los objetivos""
üì∞ https://t.co/giRITe6sUg http‚Ä¶"
249,1458582175633268746,"RT @raulmtt: ¬øOs acord√°is del anuncio de recorte en #pensiones que hizo hace 2 d√≠as Escriv√° si fallaba su plan? No se le fue la olla, es lo‚Ä¶"
250,1458582158625411074,"RT @xiomirb: En diciembre de 2017, la Comisi√≥n Europea renov√≥ la aprobaci√≥n del uso del glifosato durante 5 a√±os m√°s, en una decisi√≥n muy c‚Ä¶"
251,1458582073028059137,RT @la8mediterraneo: üîµEsta tarde hemos conocido que la Comisi√≥n Europea investigar√° la gesti√≥n de Oltra por los casos de abusos a menores t‚Ä¶
252,1458581816835723272,"RT @BRADLEY28730909: La Comisi√≥n Europea investigar√° a @monicaoltra  por los casos de abusos a menores.
 https://t.co/W1DZ92nOBV√≠tica https‚Ä¶"
253,1458581417114411009,RT @sanchezcastejon: Avanzamos y marcamos un nuevo hito: somos el primer pa√≠s en acordar con la @EU_Commission las Disposiciones Operativas‚Ä¶
254,1458581410466435072,"#CrisisMigratoria Ursula von der Leyen (@vonderleyen), presidenta de la Comisi√≥n Europea, ha pedido a los estados m‚Ä¶ https://t.co/NsxaAlsFJj"
255,1458581211165638662,RT @carlossegovia_: Por fin publica el Gobierno el contrato con la Comisi√≥n Europea para publicar los fondos europeos. Lo hace sin haber in‚Ä¶
256,1458580502877814785,"RT @BRADLEY28730909: La Comisi√≥n Europea investigar√° a @monicaoltra  por los casos de abusos a menores.
 https://t.co/W1DZ92nOBV√≠tica https‚Ä¶"
257,1458580362427310092,RT @MeLlamoLonegan: La Comisi√≥n Europea investigar√° a @monicaoltra  por los casos de abusos a menores https://t.co/7ZCQPhBGdh√≠tica
258,1458579894313570304,RT @iellakuria: Ya era hora. La Comisi√≥n Europea investigar√° la gesti√≥n de Oltra por los casos de abusos a menores tutelados  https://t.co/‚Ä¶
259,1458578919989428226,"RT @COPINHHONDURAS: 1/3üìÑ #CARTA| Bertha Z√∫niga, Coordinadora General del COPINH, se dirige a la Comisi√≥n Europea mediante una carta para so‚Ä¶"
260,1458578808957714436,RT @carlossegovia_: Por fin publica el Gobierno el contrato con la Comisi√≥n Europea para publicar los fondos europeos. Lo hace sin haber in‚Ä¶
261,1458578670394695684,RT @JoaquimBoschGra: La Comisi√≥n Europea ha reprochado a nuestro pa√≠s que carezca de una estrategia estatal contra la corrupci√≥n. Es dif√≠ci‚Ä¶
262,1458578422767271936,RT @elpais_america: El baile de la reconciliaci√≥n contin√∫a. La presidenta de la Comisi√≥n Europea se ha reunido en la Casa Blanca con Joe Bi‚Ä¶
263,1458578248749797378,RT @elpais_america: El baile de la reconciliaci√≥n contin√∫a. La presidenta de la Comisi√≥n Europea se ha reunido en la Casa Blanca con Joe Bi‚Ä¶
264,1458578172879028230,RT @linagalvezmunoz: üá™üá¶Espa√±a es el primer Estado miembro en consensuar con la Comisi√≥n Europeaüá™üá∫ el documento que recoge las Disposiciones‚Ä¶
265,1458578038992650240,El baile de la reconciliaci√≥n contin√∫a. La presidenta de la Comisi√≥n Europea se ha reunido en la Casa Blanca con Jo‚Ä¶ https://t.co/nbNkEMOm6N
266,1458577925524045829,La Comisi√≥n Europea investigar√° a @monicaoltra  por los casos de abusos a menores https://t.co/7ZCQPhBGdh√≠tica
267,1458577849833635846,RT @sanchezcastejon: Avanzamos y marcamos un nuevo hito: somos el primer pa√≠s en acordar con la @EU_Commission las Disposiciones Operativas‚Ä¶
268,1458577559776636928,RT @JoaquimBoschGra: La Comisi√≥n Europea ha reprochado a nuestro pa√≠s que carezca de una estrategia estatal contra la corrupci√≥n. Es dif√≠ci‚Ä¶
269,1458577546111508487,"RT @raulmtt: ¬øOs acord√°is del anuncio de recorte en #pensiones que hizo hace 2 d√≠as Escriv√° si fallaba su plan? No se le fue la olla, es lo‚Ä¶"
270,1458577243492560896,"RT @hermanntertsch: @ZiemianczykOlek Los polacos no est√°n solos. Al contrario, los injustos, sectarios y malintencionados ataques a Polonia‚Ä¶"
271,1458576977783181313,"RT @salvadostv: Este viernes acaba la #COP26... con cierto pesimismo: ""No estamos ni cerca de los objetivos""
üì∞ https://t.co/giRITe6sUg http‚Ä¶"
272,1458576951837446147,"RT @raulmtt: ¬øOs acord√°is del anuncio de recorte en #pensiones que hizo hace 2 d√≠as Escriv√° si fallaba su plan? No se le fue la olla, es lo‚Ä¶"
273,1458576400198348805,"RT @RocioCastrilloC: El #PlandeRecuperaci√≥n sigue avanzando üí™üí™

#Espa√±a es el primer pa√≠s que acuerda con la @ComisionEuropea las Disposici‚Ä¶"
274,1458576388609527809,RT @errordesconocid: Yo creo que mucha gente todav√≠a no es consciente de que los ministros de Podemos son aut√©nticos sicarios de la Comisi√≥‚Ä¶
275,1458576291171549185,RT @sanchezcastejon: Avanzamos y marcamos un nuevo hito: somos el primer pa√≠s en acordar con la @EU_Commission las Disposiciones Operativas‚Ä¶
276,1458576140210216963,RT @Suanzes: El Tribunal de Justicia de la UE desestima el recurso de Google y mantiene la multa de 2.400 millones de euros que le impuso l‚Ä¶
277,1458576119930753026,RT @sanchezcastejon: Avanzamos y marcamos un nuevo hito: somos el primer pa√≠s en acordar con la @EU_Commission las Disposiciones Operativas‚Ä¶
278,1458575517888745473,RT @iellakuria: Ya era hora. La Comisi√≥n Europea investigar√° la gesti√≥n de Oltra por los casos de abusos a menores tutelados  https://t.co/‚Ä¶
279,1458575434476568579,RT @carlossegovia_: Por fin publica el Gobierno el contrato con la Comisi√≥n Europea para publicar los fondos europeos. Lo hace sin haber in‚Ä¶
280,1458575308085411841,RT @carlossegovia_: Por fin publica el Gobierno el contrato con la Comisi√≥n Europea para publicar los fondos europeos. Lo hace sin haber in‚Ä¶
281,1458575275822825482,RT @carlossegovia_: Por fin publica el Gobierno el contrato con la Comisi√≥n Europea para publicar los fondos europeos. Lo hace sin haber in‚Ä¶
282,1458575241538539523,RT @NetNezva: noticia fresquita: el Tribunal General de la Uni√≥n Europea dict√≥ sentencia hoy en uno de los casos de Google/Alphabet por abu‚Ä¶
283,1458575079722393605,"RT @DoriToribio: La presidenta de la Comisi√≥n Europea, Ursula Von der Leyen, asegura tras su reuni√≥n con el presidente Biden en la Casa Bla‚Ä¶"
284,1458574779968000001,RT @IdafeMartin: La Comisi√≥n Europea lleva a√±os pidiendo a Espa√±a que reduzca la temporalidad.
285,1458574467702169606,RT @OperadorNuclear: Fin del tab√∫ contra la energ√≠a nuclear. La Comisi√≥n Europea clasificar√° como inversi√≥n verde la construcci√≥n de centra‚Ä¶
286,1458574383845462019,RT @mjmonteroc: Hoy damos un paso clave para recibir los fondos europeos al firmar con el comisario @PaoloGentiloni el acuerdo sobre las Di‚Ä¶
287,1458574309711130634,RT @errordesconocid: Yo creo que mucha gente todav√≠a no es consciente de que los ministros de Podemos son aut√©nticos sicarios de la Comisi√≥‚Ä¶
288,1458573924527116288,RT @sanchezcastejon: Avanzamos y marcamos un nuevo hito: somos el primer pa√≠s en acordar con la @EU_Commission las Disposiciones Operativas‚Ä¶
289,1458573725528436741,RT @iellakuria: Ya era hora. La Comisi√≥n Europea investigar√° la gesti√≥n de Oltra por los casos de abusos a menores tutelados  https://t.co/‚Ä¶
290,1458573557307424783,RT @sanchezcastejon: Avanzamos y marcamos un nuevo hito: somos el primer pa√≠s en acordar con la @EU_Commission las Disposiciones Operativas‚Ä¶
291,1458573341288185860,RT @elmundocv: La Comisi√≥n Europea investigar√° la gesti√≥n de Oltra por los casos de abusos a menores tutelados https://t.co/4WTUcRe0Su
292,1458573159339331588,"RT @hermanntertsch: @ZiemianczykOlek Los polacos no est√°n solos. Al contrario, los injustos, sectarios y malintencionados ataques a Polonia‚Ä¶"
293,1458573096869318658,"RT @hermanntertsch: @ZiemianczykOlek Los polacos no est√°n solos. Al contrario, los injustos, sectarios y malintencionados ataques a Polonia‚Ä¶"
294,1458573076803772423,"RT @hermanntertsch: @ZiemianczykOlek Los polacos no est√°n solos. Al contrario, los injustos, sectarios y malintencionados ataques a Polonia‚Ä¶"
295,1458573070311084034,RT @carlossegovia_: Por fin publica el Gobierno el contrato con la Comisi√≥n Europea para publicar los fondos europeos. Lo hace sin haber in‚Ä¶
296,1458573009703165952,RT @NetNezva: noticia fresquita: el Tribunal General de la Uni√≥n Europea dict√≥ sentencia hoy en uno de los casos de Google/Alphabet por abu‚Ä¶
297,1458572917177044999,RT @sanchezcastejon: Avanzamos y marcamos un nuevo hito: somos el primer pa√≠s en acordar con la @EU_Commission las Disposiciones Operativas‚Ä¶
298,1458572561525137414,"RT @hermanntertsch: @ZiemianczykOlek Los polacos no est√°n solos. Al contrario, los injustos, sectarios y malintencionados ataques a Polonia‚Ä¶"
299,1458572488556916737,"RT @xiomirb: En diciembre de 2017, la Comisi√≥n Europea renov√≥ la aprobaci√≥n del uso del glifosato durante 5 a√±os m√°s, en una decisi√≥n muy c‚Ä¶"
300,1458572456285855746,RT @JoaquimBoschGra: La Comisi√≥n Europea ha reprochado a nuestro pa√≠s que carezca de una estrategia estatal contra la corrupci√≥n. Es dif√≠ci‚Ä¶
301,1458572395275501572,RT @sanchezcastejon: Avanzamos y marcamos un nuevo hito: somos el primer pa√≠s en acordar con la @EU_Commission las Disposiciones Operativas‚Ä¶
302,1458572202606047233,RT @carlossegovia_: Por fin publica el Gobierno el contrato con la Comisi√≥n Europea para publicar los fondos europeos. Lo hace sin haber in‚Ä¶
303,1458571874133319691,"RT @raulmtt: ¬øOs acord√°is del anuncio de recorte en #pensiones que hizo hace 2 d√≠as Escriv√° si fallaba su plan? No se le fue la olla, es lo‚Ä¶"
304,1458571841304416260,RT @carlossegovia_: Por fin publica el Gobierno el contrato con la Comisi√≥n Europea para publicar los fondos europeos. Lo hace sin haber in‚Ä¶
305,1458571782659756032,"RT @antonio_sba: Ampliar el periodo de c√°lculo de las pensiones, efectivamente, forma parte de los compromisos pactados en junio entre el G‚Ä¶"
306,1458571683611164675,"RT @salvadostv: Este viernes acaba la #COP26... con cierto pesimismo: ""No estamos ni cerca de los objetivos""
üì∞ https://t.co/giRITe6sUg http‚Ä¶"
307,1458571568502775809,"RT @hermanntertsch: @ZiemianczykOlek Los polacos no est√°n solos. Al contrario, los injustos, sectarios y malintencionados ataques a Polonia‚Ä¶"
308,1458571020420456461,"‚Äú7/ Se ocultan los contratos de compras‚Äù

La Comisi√≥n Europea ha recurrido al silencio administrativo para no entre‚Ä¶ https://t.co/fzyFdzvXC0"
309,1458571003316088836,RT @sanchezcastejon: Avanzamos y marcamos un nuevo hito: somos el primer pa√≠s en acordar con la @EU_Commission las Disposiciones Operativas‚Ä¶
310,1458570984374538244,RT @linagalvezmunoz: üá™üá¶Espa√±a es el primer Estado miembro en consensuar con la Comisi√≥n Europeaüá™üá∫ el documento que recoge las Disposiciones‚Ä¶
311,1458570936697901057,RT @carlossegovia_: Por fin publica el Gobierno el contrato con la Comisi√≥n Europea para publicar los fondos europeos. Lo hace sin haber in‚Ä¶
312,1458570867009597446,"RT @hasta_el_mismo3: üîµ La Comisi√≥n Europea investigar√° la gesti√≥n de Oltra por los casos de abusos a menores tutelados.

https://t.co/x5exI‚Ä¶"
313,1458570851264106496,"RT @raulmtt: ¬øOs acord√°is del anuncio de recorte en #pensiones que hizo hace 2 d√≠as Escriv√° si fallaba su plan? No se le fue la olla, es lo‚Ä¶"
314,1458570833564213253,"RT @hermanntertsch: @ZiemianczykOlek Los polacos no est√°n solos. Al contrario, los injustos, sectarios y malintencionados ataques a Polonia‚Ä¶"
315,1458570551316910086,RT @sanchezcastejon: Avanzamos y marcamos un nuevo hito: somos el primer pa√≠s en acordar con la @EU_Commission las Disposiciones Operativas‚Ä¶
316,1458570460942290948,"RT @hermanntertsch: @ZiemianczykOlek Los polacos no est√°n solos. Al contrario, los injustos, sectarios y malintencionados ataques a Polonia‚Ä¶"
317,1458570453358940165,"RT @hermanntertsch: @ZiemianczykOlek Los polacos no est√°n solos. Al contrario, los injustos, sectarios y malintencionados ataques a Polonia‚Ä¶"
318,1458570390251483140,RT @carlossegovia_: Por fin publica el Gobierno el contrato con la Comisi√≥n Europea para publicar los fondos europeos. Lo hace sin haber in‚Ä¶
319,1458570250547511304,"RT @hermanntertsch: @ZiemianczykOlek Los polacos no est√°n solos. Al contrario, los injustos, sectarios y malintencionados ataques a Polonia‚Ä¶"
320,1458570215973953544,RT @iellakuria: Ya era hora. La Comisi√≥n Europea investigar√° la gesti√≥n de Oltra por los casos de abusos a menores tutelados  https://t.co/‚Ä¶
321,1458569285471703045,RT @frattigiovanni: DEBATE FUERTISIMO EN EL PISO DE LA COMISION EUROPEA CONTRA LA VACUNACION OBLIGATORIA Y EL MANDATO Y EL GREEN PASS DISCR‚Ä¶
322,1458569245453918208,RT @carlossegovia_: Por fin publica el Gobierno el contrato con la Comisi√≥n Europea para publicar los fondos europeos. Lo hace sin haber in‚Ä¶
323,1458569240689233931,RT @mjmonteroc: Hoy damos un paso clave para recibir los fondos europeos al firmar con el comisario @PaoloGentiloni el acuerdo sobre las Di‚Ä¶
324,1458569217301753863,RT @JoaquimBoschGra: La Comisi√≥n Europea ha reprochado a nuestro pa√≠s que carezca de una estrategia estatal contra la corrupci√≥n. Es dif√≠ci‚Ä¶
325,1458569141405769728,RT @errordesconocid: Yo creo que mucha gente todav√≠a no es consciente de que los ministros de Podemos son aut√©nticos sicarios de la Comisi√≥‚Ä¶
326,1458569001408290816,RT @mjmonteroc: Hoy damos un paso clave para recibir los fondos europeos al firmar con el comisario @PaoloGentiloni el acuerdo sobre las Di‚Ä¶
327,1458568985444823042,RT @carlossegovia_: Por fin publica el Gobierno el contrato con la Comisi√≥n Europea para publicar los fondos europeos. Lo hace sin haber in‚Ä¶
328,1458568845006802947,"RT @salvadostv: Este viernes acaba la #COP26... con cierto pesimismo: ""No estamos ni cerca de los objetivos""
üì∞ https://t.co/giRITe6sUg http‚Ä¶"
329,1458568760374272005,RT @carlossegovia_: Por fin publica el Gobierno el contrato con la Comisi√≥n Europea para publicar los fondos europeos. Lo hace sin haber in‚Ä¶
330,1458568714299887626,RT @el_pais: La Comisi√≥n Europea obliga a la Comunidad de Madrid a aflorar m√°s de 900 millones de euros de deuda acumulada con los hospital‚Ä¶
331,1458568704388632578,RT @sanchezcastejon: Avanzamos y marcamos un nuevo hito: somos el primer pa√≠s en acordar con la @EU_Commission las Disposiciones Operativas‚Ä¶
332,1458568675619901441,RT @iellakuria: Ya era hora. La Comisi√≥n Europea investigar√° la gesti√≥n de Oltra por los casos de abusos a menores tutelados  https://t.co/‚Ä¶
333,1458568396325412868,RT @iellakuria: Ya era hora. La Comisi√≥n Europea investigar√° la gesti√≥n de Oltra por los casos de abusos a menores tutelados  https://t.co/‚Ä¶
334,1458568337944875011,RT @carlossegovia_: Por fin publica el Gobierno el contrato con la Comisi√≥n Europea para publicar los fondos europeos. Lo hace sin haber in‚Ä¶
335,1458568222001745920,RT @JoaquimBoschGra: La Comisi√≥n Europea ha reprochado a nuestro pa√≠s que carezca de una estrategia estatal contra la corrupci√≥n. Es dif√≠ci‚Ä¶
336,1458568177185693698,RT @carlossegovia_: Por fin publica el Gobierno el contrato con la Comisi√≥n Europea para publicar los fondos europeos. Lo hace sin haber in‚Ä¶
337,1458568103915397121,"RT @BRADLEY28730909: La Comisi√≥n Europea investigar√° a @monicaoltra  por los casos de abusos a menores.
 https://t.co/W1DZ92nOBV√≠tica https‚Ä¶"
338,1458568073435287554,"RT @COPINHHONDURAS: 1/3üìÑ #CARTA| Bertha Z√∫niga, Coordinadora General del COPINH, se dirige a la Comisi√≥n Europea mediante una carta para so‚Ä¶"
339,1458568039075565573,"RT @JonnyMontana12: La Comisi√≥n Europea investigar√° la gesti√≥n de Oltra por los abusos a menores en la Comunitat Valenciana
El PP solicit√≥‚Ä¶"
340,1458567897018773512,"RT @desdelamoncloa: üá™üá∏üá™üá∫Gobierno y @EU_Commission aprueban las Disposiciones Operativas del #PlanDeRecuperaci√≥n.

Espa√±a es el primer pa√≠s‚Ä¶"
341,1458567871295107072,"RT @salvadostv: Este viernes acaba la #COP26... con cierto pesimismo: ""No estamos ni cerca de los objetivos""
üì∞ https://t.co/giRITe6sUg http‚Ä¶"
342,1458567841725173764,RT @carlossegovia_: Por fin publica el Gobierno el contrato con la Comisi√≥n Europea para publicar los fondos europeos. Lo hace sin haber in‚Ä¶
343,1458567715833237507,"RT @hermanntertsch: @ZiemianczykOlek Los polacos no est√°n solos. Al contrario, los injustos, sectarios y malintencionados ataques a Polonia‚Ä¶"
344,1458567703564804104,"RT @dw_espanol: Sanciones contra Bielorrusia

La presidenta de la Comisi√≥n Europea, Ursula von der Leyen, anunci√≥ desde la Casa Blanca, don‚Ä¶"
345,1458567672719945730,RT @sanchezcastejon: Avanzamos y marcamos un nuevo hito: somos el primer pa√≠s en acordar con la @EU_Commission las Disposiciones Operativas‚Ä¶
346,1458567616658804737,RT @errordesconocid: Yo creo que mucha gente todav√≠a no es consciente de que los ministros de Podemos son aut√©nticos sicarios de la Comisi√≥‚Ä¶
347,1458567526628134912,RT @JoaquimBoschGra: La Comisi√≥n Europea ha reprochado a nuestro pa√≠s que carezca de una estrategia estatal contra la corrupci√≥n. Es dif√≠ci‚Ä¶
348,1458567467287121926,"RT @hermanntertsch: @ZiemianczykOlek Los polacos no est√°n solos. Al contrario, los injustos, sectarios y malintencionados ataques a Polonia‚Ä¶"
349,1458567195554992138,RT @mjmonteroc: Hoy damos un paso clave para recibir los fondos europeos al firmar con el comisario @PaoloGentiloni el acuerdo sobre las Di‚Ä¶
350,1458567187300556804,RT @carlossegovia_: Por fin publica el Gobierno el contrato con la Comisi√≥n Europea para publicar los fondos europeos. Lo hace sin haber in‚Ä¶
351,1458566894416445442,RT @linagalvezmunoz: üá™üá¶Espa√±a es el primer Estado miembro en consensuar con la Comisi√≥n Europeaüá™üá∫ el documento que recoge las Disposiciones‚Ä¶
352,1458566708726312968,RT @elmundocv: La Comisi√≥n Europea investigar√° la gesti√≥n de Oltra por los casos de abusos a menores tutelados https://t.co/4WTUcRe0Su
353,1458566697317699587,"RT @raulmtt: ¬øOs acord√°is del anuncio de recorte en #pensiones que hizo hace 2 d√≠as Escriv√° si fallaba su plan? No se le fue la olla, es lo‚Ä¶"
354,1458566509161242628,RT @carlossegovia_: Por fin publica el Gobierno el contrato con la Comisi√≥n Europea para publicar los fondos europeos. Lo hace sin haber in‚Ä¶
355,1458566466232635396,üá™üá¶Espa√±a es el primer Estado miembro en consensuar con la Comisi√≥n Europeaüá™üá∫ el documento que recoge las Disposicio‚Ä¶ https://t.co/1Ex6KkYXIQ
356,1458566434209124353,RT @ElMundoEspana: El Parlamento Europeo constata que Rusia interfiri√≥ en Catalu√±a. Un informe de la comisi√≥n creada para analizar la injer‚Ä¶
357,1458566388533141508,RT @sanchezcastejon: Avanzamos y marcamos un nuevo hito: somos el primer pa√≠s en acordar con la @EU_Commission las Disposiciones Operativas‚Ä¶
358,1458566270547382272,"RT @AmigosTierraEsp: ü§•Vaya, vaya, vaya ... As√≠ que en la #COP26 la Presidenta de la Comisi√≥n Europea Ursula von der Leyen dice ""¬°Hay que ac‚Ä¶"
359,1458566208370978816,RT @iellakuria: Ya era hora. La Comisi√≥n Europea investigar√° la gesti√≥n de Oltra por los casos de abusos a menores tutelados  https://t.co/‚Ä¶
360,1458566136442888203,RT @sanchezcastejon: Avanzamos y marcamos un nuevo hito: somos el primer pa√≠s en acordar con la @EU_Commission las Disposiciones Operativas‚Ä¶
361,1458566044168167424,La Comisi√≥n Europea investigar√° la gesti√≥n de Oltra por los casos de abusos a menores tutelados https://t.co/QXzykmHYD3
362,1458565847396532225,RT @sanchezcastejon: Avanzamos y marcamos un nuevo hito: somos el primer pa√≠s en acordar con la @EU_Commission las Disposiciones Operativas‚Ä¶
363,1458565678492000263,RT @errordesconocid: Yo creo que mucha gente todav√≠a no es consciente de que los ministros de Podemos son aut√©nticos sicarios de la Comisi√≥‚Ä¶
364,1458565497021243395,RT @mjmonteroc: Hoy damos un paso clave para recibir los fondos europeos al firmar con el comisario @PaoloGentiloni el acuerdo sobre las Di‚Ä¶
365,1458565364762169345,"RT @ElMundoEspana: La Comisi√≥n Europea investigar√° la gesti√≥n de la vicepresidenta valenciana, M√≥nica Oltra, por los casos de abusos a meno‚Ä¶"
366,1458565147421720576,"‚ÄúConsiderando que la Comisi√≥n Europea

‚úÖnegoci√≥ los contratos de compra y no dese√≥ que se estableciese la responsab‚Ä¶ https://t.co/1wmnCGUvDg"
367,1458564812930228224,"La Comisi√≥n Europea investigar√° a @monicaoltra  por los casos de abusos a menores.
 https://t.co/W1DZ92nOBV√≠tica https://t.co/sT8W5iGTxi"
368,1458564755577245701,RT @eldiarioes: El supuesto contrato secreto del que habla Pablo Casado entre el Gobierno y la Comisi√≥n Europea se ha publicado este mi√©rco‚Ä¶
369,1458564510411800585,"RT @AmigosTierraEsp: ü§•Vaya, vaya, vaya ... As√≠ que en la #COP26 la Presidenta de la Comisi√≥n Europea Ursula von der Leyen dice ""¬°Hay que ac‚Ä¶"
370,1458564403205390337,RT @carlossegovia_: Por fin publica el Gobierno el contrato con la Comisi√≥n Europea para publicar los fondos europeos. Lo hace sin haber in‚Ä¶
371,1458564381055324176,"RT @PeppeQuare: Que para garantizar estabilidad al sistema, la Comisi√≥n Europea no pida subir los ingresos sino recortar las pensiones indi‚Ä¶"
372,1458564248955654144,"RT @valentmo: El mero hecho de esa apertura de investigaci√≥n, deber√≠a ser suficiente para que fuera cesada o dimitiera.
La Comisi√≥n Europea‚Ä¶"
373,1458563856406564879,"Hab√≠amos descubierto que el Plan de Recuperaci√≥n, Resiliencia y Transformismo no era un plan de recuperaci√≥n. Dijim‚Ä¶ https://t.co/0j7MEPbrYX"
374,1458563758352109569,RT @iellakuria: Ya era hora. La Comisi√≥n Europea investigar√° la gesti√≥n de Oltra por los casos de abusos a menores tutelados  https://t.co/‚Ä¶
375,1458563638734860294,"RT @_NOALCOMUNISMO: Padre de Leopoldo L√≥pez participar√° en comisi√≥n de la Uni√≥n Europea que verificar√° elecciones del chavismo
El eurodiput‚Ä¶"
376,1458563593880887303,"RT @salvadostv: Este viernes acaba la #COP26... con cierto pesimismo: ""No estamos ni cerca de los objetivos""
üì∞ https://t.co/giRITe6sUg http‚Ä¶"
377,1458563578114490376,"RT @raulmtt: ¬øOs acord√°is del anuncio de recorte en #pensiones que hizo hace 2 d√≠as Escriv√° si fallaba su plan? No se le fue la olla, es lo‚Ä¶"
378,1458563345112608770,"RT @salvadostv: Este viernes acaba la #COP26... con cierto pesimismo: ""No estamos ni cerca de los objetivos""
üì∞ https://t.co/giRITe6sUg http‚Ä¶"
379,1458563084092678148,RT @errordesconocid: Yo creo que mucha gente todav√≠a no es consciente de que los ministros de Podemos son aut√©nticos sicarios de la Comisi√≥‚Ä¶
380,1458563044116779008,RT @carlossegovia_: Por fin publica el Gobierno el contrato con la Comisi√≥n Europea para publicar los fondos europeos. Lo hace sin haber in‚Ä¶
381,1458562982758191106,RT @sanchezcastejon: Avanzamos y marcamos un nuevo hito: somos el primer pa√≠s en acordar con la @EU_Commission las Disposiciones Operativas‚Ä¶
382,1458562841955418121,RT @errordesconocid: Yo creo que mucha gente todav√≠a no es consciente de que los ministros de Podemos son aut√©nticos sicarios de la Comisi√≥‚Ä¶
383,1458562758476275713,"RT @YayosCartagena: ""El Gobierno espa√±ol y¬†la Comisi√≥n Europea han firmado ya el memorando por el que se regir√° la supervisi√≥n de las ayuda‚Ä¶"
384,1458562749026426882,RT @carlossegovia_: Por fin publica el Gobierno el contrato con la Comisi√≥n Europea para publicar los fondos europeos. Lo hace sin haber in‚Ä¶
385,1458562692734672897,@BerbelJbn @Saramurcia mal dia para la derecha mediatica politica judicial .aprovado por la ue los primeros millone‚Ä¶ https://t.co/1w48x8BrMr
386,1458562416191627270,RT @lluismicampos: Ni la Comisi√≥n Europea ni el Parlamento. El √≥rgano que pide la comparecencia es la Comisi√≥n de Peticiones que preside Do‚Ä¶
387,1458562216177852420,"RT @raulmtt: ¬øOs acord√°is del anuncio de recorte en #pensiones que hizo hace 2 d√≠as Escriv√° si fallaba su plan? No se le fue la olla, es lo‚Ä¶"
388,1458562180933111814,@Saramurcia mal dia para la derecha mediatica politica judicial .aprovado por la ue los primeros millones de‚Ä¶ https://t.co/DdQTjRPMtG
389,1458561683442520064,RT @IdafeMartin: La Comisi√≥n Europea lleva a√±os pidiendo a Espa√±a que reduzca la temporalidad.
390,1458561593990647808,RT @carlossegovia_: Por fin publica el Gobierno el contrato con la Comisi√≥n Europea para publicar los fondos europeos. Lo hace sin haber in‚Ä¶
391,1458561587904712711,RT @iellakuria: Ya era hora. La Comisi√≥n Europea investigar√° la gesti√≥n de Oltra por los casos de abusos a menores tutelados  https://t.co/‚Ä¶
392,1458561551720488967,RT @errordesconocid: Yo creo que mucha gente todav√≠a no es consciente de que los ministros de Podemos son aut√©nticos sicarios de la Comisi√≥‚Ä¶
393,1458561539334606851,RT @errordesconocid: Yo creo que mucha gente todav√≠a no es consciente de que los ministros de Podemos son aut√©nticos sicarios de la Comisi√≥‚Ä¶
394,1458561243522928646,RT @carlossegovia_: Por fin publica el Gobierno el contrato con la Comisi√≥n Europea para publicar los fondos europeos. Lo hace sin haber in‚Ä¶
395,1458561092662272011,Una bronca de la Comisi√≥n Europea forz√≥ a Moncloa a cambiar el 'decretazo' el√©ctrico https://t.co/eMsOEyDlpJ v√≠a @voz_populi
396,1458561085028585477,RT @sanchezcastejon: Avanzamos y marcamos un nuevo hito: somos el primer pa√≠s en acordar con la @EU_Commission las Disposiciones Operativas‚Ä¶
397,1458560948545916929,RT @FranDiaz_1992: Hace justo una semana la derecha y sus aliados en el Senado clamaban por la publicaci√≥n del Acuerdo de Funcionamiento co‚Ä¶
398,1458560754534076417,RT @errordesconocid: Yo creo que mucha gente todav√≠a no es consciente de que los ministros de Podemos son aut√©nticos sicarios de la Comisi√≥‚Ä¶
399,1458560335456227336,"RT @hermanntertsch: @ZiemianczykOlek Los polacos no est√°n solos. Al contrario, los injustos, sectarios y malintencionados ataques a Polonia‚Ä¶"
400,1458560294679101445,"""El Gobierno espa√±ol y¬†la Comisi√≥n Europea han firmado ya el memorando por el que se regir√° la supervisi√≥n de las a‚Ä¶ https://t.co/6l4LbC6NcA"
401,1458559991049228291,"RT @ymouled: Desde hace semanas, la Comisi√≥n Europea confronta a Polonia, sacando pecho, por la defensa de lo m√°s fundamental para Europa:‚Ä¶"
402,1458559871339712512,RT @errordesconocid: Yo creo que mucha gente todav√≠a no es consciente de que los ministros de Podemos son aut√©nticos sicarios de la Comisi√≥‚Ä¶
403,1458559641214984196,RT @carlossegovia_: Por fin publica el Gobierno el contrato con la Comisi√≥n Europea para publicar los fondos europeos. Lo hace sin haber in‚Ä¶
404,1458559595383767046,RT @descifraguerra: üá™üá∫üá¨üáßLa Comisi√≥n Europea inicia un proceso judicial contra Reino Unido por violar el Protocolo de Irlanda del Norte dent‚Ä¶
405,1458559478522159108,RT @mjmonteroc: Hoy damos un paso clave para recibir los fondos europeos al firmar con el comisario @PaoloGentiloni el acuerdo sobre las Di‚Ä¶
406,1458559458922094595,RT @mjmonteroc: Hoy damos un paso clave para recibir los fondos europeos al firmar con el comisario @PaoloGentiloni el acuerdo sobre las Di‚Ä¶
407,1458559424650522628,RT @iellakuria: Ya era hora. La Comisi√≥n Europea investigar√° la gesti√≥n de Oltra por los casos de abusos a menores tutelados  https://t.co/‚Ä¶
408,1458559190104952835,RT @errordesconocid: Yo creo que mucha gente todav√≠a no es consciente de que los ministros de Podemos son aut√©nticos sicarios de la Comisi√≥‚Ä¶
409,1458559057233682442,RT @iellakuria: Ya era hora. La Comisi√≥n Europea investigar√° la gesti√≥n de Oltra por los casos de abusos a menores tutelados  https://t.co/‚Ä¶
410,1458558941944745984,RT @carlossegovia_: Por fin publica el Gobierno el contrato con la Comisi√≥n Europea para publicar los fondos europeos. Lo hace sin haber in‚Ä¶
411,1458558693495250949,"#BreakingNews La Uni√≥n Europea impondr√° nuevas sanciones contra Bielorrusia ""la pr√≥xima semana"" por la situaci√≥n en‚Ä¶ https://t.co/5iIWiDMvoV"
412,1458558685001789448,RT @sanchezcastejon: Avanzamos y marcamos un nuevo hito: somos el primer pa√≠s en acordar con la @EU_Commission las Disposiciones Operativas‚Ä¶
413,1458558551832543234,"RT @victori63577826: @indefinidolp Esto no va a pasar ya que la comisi√≥n tiene objetivos diferentes a la normativa europea, quieren realiza‚Ä¶"
414,1458558526121553934,"RT @hermanntertsch: @ZiemianczykOlek Los polacos no est√°n solos. Al contrario, los injustos, sectarios y malintencionados ataques a Polonia‚Ä¶"
415,1458558520660537347,RT @JoaquimBoschGra: La Comisi√≥n Europea ha reprochado a nuestro pa√≠s que carezca de una estrategia estatal contra la corrupci√≥n. Es dif√≠ci‚Ä¶
416,1458558481422684162,"RT @salvadostv: Este viernes acaba la #COP26... con cierto pesimismo: ""No estamos ni cerca de los objetivos""
üì∞ https://t.co/giRITe6sUg http‚Ä¶"
417,1458558382290374662,"RT @hermanntertsch: @ZiemianczykOlek Los polacos no est√°n solos. Al contrario, los injustos, sectarios y malintencionados ataques a Polonia‚Ä¶"
418,1458558345460264964,RT @carlossegovia_: Por fin publica el Gobierno el contrato con la Comisi√≥n Europea para publicar los fondos europeos. Lo hace sin haber in‚Ä¶
419,1458558275713212417,"RT @valentmo: El mero hecho de esa apertura de investigaci√≥n, deber√≠a ser suficiente para que fuera cesada o dimitiera.
La Comisi√≥n Europea‚Ä¶"
420,1458558254821298180,RT @errordesconocid: Yo creo que mucha gente todav√≠a no es consciente de que los ministros de Podemos son aut√©nticos sicarios de la Comisi√≥‚Ä¶
421,1458558198730969093,"RT @hermanntertsch: @ZiemianczykOlek Los polacos no est√°n solos. Al contrario, los injustos, sectarios y malintencionados ataques a Polonia‚Ä¶"
422,1458558142724386823,"Que para garantizar estabilidad al sistema, la Comisi√≥n Europea no pida subir los ingresos sino recortar las pensio‚Ä¶ https://t.co/KWEG2IIcEv"
423,1458558045403979786,RT @jorge_segui: Esta se√±ora no tiene pudor ni verg√ºenza.¬øComo puede intentar vivir del dinero p√∫blico con el ejemplo q transmite? Urge una‚Ä¶
424,1458557831909679107,"RT @desdelamoncloa: üá™üá∏üá™üá∫Gobierno y @EU_Commission aprueban las Disposiciones Operativas del #PlanDeRecuperaci√≥n.

Espa√±a es el primer pa√≠s‚Ä¶"
425,1458557776242880519,RT @eldiarioes: El supuesto contrato secreto del que habla Pablo Casado entre el Gobierno y la Comisi√≥n Europea se ha publicado este mi√©rco‚Ä¶
426,1458557741337874443,RT @carlossegovia_: Por fin publica el Gobierno el contrato con la Comisi√≥n Europea para publicar los fondos europeos. Lo hace sin haber in‚Ä¶
427,1458557736480907272,RT @eldiarioes: El supuesto contrato secreto del que habla Pablo Casado entre el Gobierno y la Comisi√≥n Europea se ha publicado este mi√©rco‚Ä¶
428,1458557711264718861,RT @carlossegovia_: Por fin publica el Gobierno el contrato con la Comisi√≥n Europea para publicar los fondos europeos. Lo hace sin haber in‚Ä¶
429,1458557699243794432,"RT @hermanntertsch: @ZiemianczykOlek Los polacos no est√°n solos. Al contrario, los injustos, sectarios y malintencionados ataques a Polonia‚Ä¶"
430,1458557694315466754,RT @iellakuria: Ya era hora. La Comisi√≥n Europea investigar√° la gesti√≥n de Oltra por los casos de abusos a menores tutelados  https://t.co/‚Ä¶
431,1458557639831478277,RT @sanchezcastejon: Avanzamos y marcamos un nuevo hito: somos el primer pa√≠s en acordar con la @EU_Commission las Disposiciones Operativas‚Ä¶
432,1458557556398432261,RT @el_pais: La Comisi√≥n Europea obliga a la Comunidad de Madrid a aflorar m√°s de 900 millones de euros de deuda acumulada con los hospital‚Ä¶
433,1458557551906336771,"RT @elOrdenMundial: üá™üá∫¬øNo entiendes c√≥mo funciona la Uni√≥n Europea? ¬øQu√© diferencias hay entre el Parlamento, el Consejo, o la Comisi√≥n, y‚Ä¶"
434,1458557527528988674,"RT @hermanntertsch: @ZiemianczykOlek Los polacos no est√°n solos. Al contrario, los injustos, sectarios y malintencionados ataques a Polonia‚Ä¶"
435,1458557524165251087,RT @sanchezcastejon: Avanzamos y marcamos un nuevo hito: somos el primer pa√≠s en acordar con la @EU_Commission las Disposiciones Operativas‚Ä¶
436,1458557436411924483,"RT @PCOE_estatal: Desde el PCOE luchamos por una Reforma Agraria que debe ser antilatifundista y antimonopolista, haciendo hincapi√© una vez‚Ä¶"
437,1458557392698937354,RT @GPPopular: üëâ @cucagamarra: ‚ÄúLa primera obligaci√≥n de un Gobierno decente es decir la verdad. Ma√±ana la Comisi√≥n Europea confirmar√° que‚Ä¶
438,1458557392636030976,"RT @hasta_el_mismo3: üîµ La Comisi√≥n Europea investigar√° la gesti√≥n de Oltra por los casos de abusos a menores tutelados.

https://t.co/x5exI‚Ä¶"
439,1458556976041009154,RT @sanchezcastejon: Avanzamos y marcamos un nuevo hito: somos el primer pa√≠s en acordar con la @EU_Commission las Disposiciones Operativas‚Ä¶
440,1458556946307485696,RT @errordesconocid: Yo creo que mucha gente todav√≠a no es consciente de que los ministros de Podemos son aut√©nticos sicarios de la Comisi√≥‚Ä¶
441,1458556923284967424,RT @mjmonteroc: Hoy damos un paso clave para recibir los fondos europeos al firmar con el comisario @PaoloGentiloni el acuerdo sobre las Di‚Ä¶
442,1458556731064307718,RT @errordesconocid: Yo creo que mucha gente todav√≠a no es consciente de que los ministros de Podemos son aut√©nticos sicarios de la Comisi√≥‚Ä¶
443,1458556678476079106,"RT @valentmo: El mero hecho de esa apertura de investigaci√≥n, deber√≠a ser suficiente para que fuera cesada o dimitiera.
La Comisi√≥n Europea‚Ä¶"
444,1458556554588925952,RT @errordesconocid: Yo creo que mucha gente todav√≠a no es consciente de que los ministros de Podemos son aut√©nticos sicarios de la Comisi√≥‚Ä¶
445,1458556469981368321,"RT @raulmtt: ¬øOs acord√°is del anuncio de recorte en #pensiones que hizo hace 2 d√≠as Escriv√° si fallaba su plan? No se le fue la olla, es lo‚Ä¶"
446,1458556463987638272,RT @siliconspain: Amazon quiere llegar a un acuerdo con la Comisi√≥n Europea respecto a la investigaci√≥n por monopolio - https://t.co/wtoe8T‚Ä¶
447,1458556318130835460,RT @IdafeMartin: La Comisi√≥n Europea lleva a√±os pidiendo a Espa√±a que reduzca la temporalidad.
448,1458556279014625283,RT @carlossegovia_: Por fin publica el Gobierno el contrato con la Comisi√≥n Europea para publicar los fondos europeos. Lo hace sin haber in‚Ä¶
449,1458556259003682825,"RT @raulmtt: ¬øOs acord√°is del anuncio de recorte en #pensiones que hizo hace 2 d√≠as Escriv√° si fallaba su plan? No se le fue la olla, es lo‚Ä¶"
450,1458556256281628682,Yo creo que mucha gente todav√≠a no es consciente de que los ministros de Podemos son aut√©nticos sicarios de la Comi‚Ä¶ https://t.co/cmsVKJtyQS
451,1458556163809816584,RT @eldiarioes: El supuesto contrato secreto del que habla Pablo Casado entre el Gobierno y la Comisi√≥n Europea se ha publicado este mi√©rco‚Ä¶
452,1458556120704950276,RT @carlossegovia_: Por fin publica el Gobierno el contrato con la Comisi√≥n Europea para publicar los fondos europeos. Lo hace sin haber in‚Ä¶
453,1458556100178059264,RT @mjmonteroc: Hoy damos un paso clave para recibir los fondos europeos al firmar con el comisario @PaoloGentiloni el acuerdo sobre las Di‚Ä¶
454,1458556064476114956,"#COVID üíâüíâ | SE EVAL√öA EN EUROPA LA APLICACI√ìN DE VACUNA CONTRA COVID-19 A NI√ëOS DE 6 A 11 A√ëOS
- Cuando termine de‚Ä¶ https://t.co/AqFH1Vt4jR"
455,1458555796439146501,RT @elliberal_com: La Comisi√≥n Europea obliga a Espa√±a a ampliar el periodo de c√°lculo de las pensiones para poder recibir los fondos de re‚Ä¶
456,1458555691313025027,RT @mjmonteroc: Hoy damos un paso clave para recibir los fondos europeos al firmar con el comisario @PaoloGentiloni el acuerdo sobre las Di‚Ä¶
457,1458555470143180805,RT @JoaquimBoschGra: La Comisi√≥n Europea ha reprochado a nuestro pa√≠s que carezca de una estrategia estatal contra la corrupci√≥n. Es dif√≠ci‚Ä¶
458,1458555396554170371,"El mero hecho de esa apertura de investigaci√≥n, deber√≠a ser suficiente para que fuera cesada o dimitiera.
La Comisi‚Ä¶ https://t.co/sBhccZKyLr"
459,1458555249980067840,RT @iellakuria: Ya era hora. La Comisi√≥n Europea investigar√° la gesti√≥n de Oltra por los casos de abusos a menores tutelados  https://t.co/‚Ä¶
460,1458555210297708544,Hace justo una semana la derecha y sus aliados en el Senado clamaban por la publicaci√≥n del Acuerdo de Funcionamien‚Ä¶ https://t.co/yBESlkakxw
461,1458555017061875724,RT @carlossegovia_: Por fin publica el Gobierno el contrato con la Comisi√≥n Europea para publicar los fondos europeos. Lo hace sin haber in‚Ä¶
462,1458554834102140935,RT @JoaquimBoschGra: La Comisi√≥n Europea ha reprochado a nuestro pa√≠s que carezca de una estrategia estatal contra la corrupci√≥n. Es dif√≠ci‚Ä¶
463,1458554607714635776,La Comisi√≥n Europea obliga a Espa√±a a ampliar el periodo de c√°lculo de las ... ¬øQue opinas tu? #noticias‚Ä¶ https://t.co/m6jBAaYWvJ
464,1458554514408185858,"RT @salvadostv: Este viernes acaba la #COP26... con cierto pesimismo: ""No estamos ni cerca de los objetivos""
üì∞ https://t.co/giRITe6sUg http‚Ä¶"
465,1458554482883710981,"RT @AmigosTierraEsp: ü§•Vaya, vaya, vaya ... As√≠ que en la #COP26 la Presidenta de la Comisi√≥n Europea Ursula von der Leyen dice ""¬°Hay que ac‚Ä¶"
466,1458554322480996358,La Comisi√≥n Europea investigar√° la gesti√≥n de Oltra por los casos de abusos a menores tutelados https://t.co/2L6yiSoDeW
467,1458554085599219715,"RT @xiomirb: En diciembre de 2017, la Comisi√≥n Europea renov√≥ la aprobaci√≥n del uso del glifosato durante 5 a√±os m√°s, en una decisi√≥n muy c‚Ä¶"
468,1458554007585230858,Esta se√±ora no tiene pudor ni verg√ºenza.¬øComo puede intentar vivir del dinero p√∫blico con el ejemplo q transmite? U‚Ä¶ https://t.co/VN9ltisLY8
469,1458553998529662982,"Varias semanas despu√©s de que la oposici√≥n lo exigiese, el Gobierno de Pedro S√°nchez ha presentado el 'Operational‚Ä¶ https://t.co/1LkTjkcI4U"
470,1458553710209077252,RT @IdafeMartin: La Comisi√≥n Europea lleva a√±os pidiendo a Espa√±a que reduzca la temporalidad.
471,1458553593867427843,"RT @raulmtt: ¬øOs acord√°is del anuncio de recorte en #pensiones que hizo hace 2 d√≠as Escriv√° si fallaba su plan? No se le fue la olla, es lo‚Ä¶"
472,1458553137439117312,RT @carlossegovia_: Por fin publica el Gobierno el contrato con la Comisi√≥n Europea para publicar los fondos europeos. Lo hace sin haber in‚Ä¶
473,1458553100965449730,"RT @DerechoEspana: es acojonante que el ejemplar que cita EL PAIS es el publicado por la Comisi√≥n Europea, a juzgar por la direcci√≥n web
ht‚Ä¶"
474,1458552797230665739,El Tribunal de la #UE dictaminado que mantiene en vigor la decisi√≥n de la Comisi√≥n Europea de 2017 de multar a‚Ä¶ https://t.co/pdXGIuwXjS
475,1458552769556647940,"RT @raulmtt: ¬øOs acord√°is del anuncio de recorte en #pensiones que hizo hace 2 d√≠as Escriv√° si fallaba su plan? No se le fue la olla, es lo‚Ä¶"
476,1458552767824506880,RT @JoaquimBoschGra: La Comisi√≥n Europea ha reprochado a nuestro pa√≠s que carezca de una estrategia estatal contra la corrupci√≥n. Es dif√≠ci‚Ä¶
477,1458552474026008593,RT @JoaquimBoschGra: La Comisi√≥n Europea ha reprochado a nuestro pa√≠s que carezca de una estrategia estatal contra la corrupci√≥n. Es dif√≠ci‚Ä¶
478,1458552385102614533,RT @iellakuria: Ya era hora. La Comisi√≥n Europea investigar√° la gesti√≥n de Oltra por los casos de abusos a menores tutelados  https://t.co/‚Ä¶
479,1458552359920017408,@iL0VECIEL sexo con la Comisi√≥n Europea dldldkskddj tremendo
480,1458552269578850314,"es acojonante que el ejemplar que cita EL PAIS es el publicado por la Comisi√≥n Europea, a juzgar por la direcci√≥n w‚Ä¶ https://t.co/fC1SDX34y0"
481,1458552123235446785,RT @JoaquimBoschGra: La Comisi√≥n Europea ha reprochado a nuestro pa√≠s que carezca de una estrategia estatal contra la corrupci√≥n. Es dif√≠ci‚Ä¶
482,1458552117296341002,RT @iellakuria: Ya era hora. La Comisi√≥n Europea investigar√° la gesti√≥n de Oltra por los casos de abusos a menores tutelados  https://t.co/‚Ä¶
483,1458552098820444164,"RT @COPINHHONDURAS: 1/3üìÑ #CARTA| Bertha Z√∫niga, Coordinadora General del COPINH, se dirige a la Comisi√≥n Europea mediante una carta para so‚Ä¶"
484,1458551928590372869,"RT @JonnyMontana12: La Comisi√≥n Europea investigar√° la gesti√≥n de Oltra por los abusos a menores en la Comunitat Valenciana
El PP solicit√≥‚Ä¶"
485,1458551804086693898,"RT @JonnyMontana12: La Comisi√≥n Europea investigar√° la gesti√≥n de Oltra por los abusos a menores en la Comunitat Valenciana
El PP solicit√≥‚Ä¶"
486,1458551705914777602,RT @carlossegovia_: Por fin publica el Gobierno el contrato con la Comisi√≥n Europea para publicar los fondos europeos. Lo hace sin haber in‚Ä¶
487,1458551676470796301,RT @carlossegovia_: Por fin publica el Gobierno el contrato con la Comisi√≥n Europea para publicar los fondos europeos. Lo hace sin haber in‚Ä¶
488,1458551515484917762,RT @iellakuria: Ya era hora. La Comisi√≥n Europea investigar√° la gesti√≥n de Oltra por los casos de abusos a menores tutelados  https://t.co/‚Ä¶
489,1458551398329724928,RT @carlossegovia_: Por fin publica el Gobierno el contrato con la Comisi√≥n Europea para publicar los fondos europeos. Lo hace sin haber in‚Ä¶
490,1458551334387556357,"RT @hermanntertsch: @ZiemianczykOlek Los polacos no est√°n solos. Al contrario, los injustos, sectarios y malintencionados ataques a Polonia‚Ä¶"
491,1458551255140286468,RT @carlossegovia_: Por fin publica el Gobierno el contrato con la Comisi√≥n Europea para publicar los fondos europeos. Lo hace sin haber in‚Ä¶
492,1458551164082036740,"RT @dpl_news: Tras 4 a√±os, @Google pierde caso antimonopolio en la UE
üëâSe desestim√≥ la apelaci√≥n  de @Google contra la resoluci√≥n de la Com‚Ä¶"
493,1458551149213229059,El Tribunal de la #UE dictaminado que mantiene en vigor la decisi√≥n de la Comisi√≥n Europea de 2017 de multar a‚Ä¶ https://t.co/fh6IyGOpZg
494,1458551097988194305,"1/3üìÑ #CARTA| Bertha Z√∫niga, Coordinadora General del COPINH, se dirige a la Comisi√≥n Europea mediante una carta par‚Ä¶ https://t.co/hOBWIb335D"
495,1458550971987107847,RT @JoaquimBoschGra: La Comisi√≥n Europea ha reprochado a nuestro pa√≠s que carezca de una estrategia estatal contra la corrupci√≥n. Es dif√≠ci‚Ä¶
496,1458550956321345542,"RT @raulmtt: ¬øOs acord√°is del anuncio de recorte en #pensiones que hizo hace 2 d√≠as Escriv√° si fallaba su plan? No se le fue la olla, es lo‚Ä¶"
497,1458550857344208903,RT @lavozdegalicia: El Gobierno deber√° rendir cuentas de sus progresos ante la Comisi√≥n Europea cada tres meses https://t.co/igI0P7CYVD
498,1458550814402883587,"RT @raulmtt: ¬øOs acord√°is del anuncio de recorte en #pensiones que hizo hace 2 d√≠as Escriv√° si fallaba su plan? No se le fue la olla, es lo‚Ä¶"
499,1458550705669779464,"üì¢La presidenta de la Comisi√≥n Europea, Ursula Von der Leyen, afirm√≥ que la üá™üá∫#UE impondr√° nuevas sanciones contra i‚Ä¶ https://t.co/cQhLGhkhFm"